ordem,desperdicio
1-2-3-4-5-6-7-8-9-10-11-12-13-14-15-16-17-18-19-20-21-22-23-24-25-26-27-28-29-30-31-32-33-34-35-36-37-38-39-40-41-42-43-44-45-46-47-48-49-50-51-52-53-54-55-56-57-58-59-60-61-62-63-64-65-66-67-68-69-70-71-72-73-74-75-76-77-78-79-80-81-82-83-84-85-86-87-88-89-90-91-92-93-94-95-96-97-98-99-100-101-102-103-104-105-106-107-108-109-110-111-112-113-114-115-116-117-118-119-120-121-122-123-124-125-126-127-128-129-130-131-132-133-134-135-136-137-138-139-140-141-142-143-144-145-146-147-148-149-150-151-152-153-154-155-156-157-158-159-160-198-162-163-164-165-166-167-168-169-170-171-172-173-174-175-176-177-178-179-180-181-182-183-184-185-186-187-188-189-190-191-192-193-194-195-196-197-161-199,26410
1-2-3-4-5-6-7-8-9-10-11-12-13-14-15-16-17-18-19-20-21-22-23-24-25-26-27-28-29-30-31-32-33-34-35-36-37-38-39-40-41-42-43-44-45-46-47-48-49-50-51-52-53-54-55-56-57-197-59-60-61-62-63-64-65-66-67-68-69-70-71-72-73-74-75-76-77-78-79-80-81-82-83-84-85-86-87-88-89-90-91-92-93-94-95-96-97-98-99-100-101-102-103-104-105-106-107-108-109-110-111-112-113-114-115-116-117-118-119-120-121-122-123-124-125-126-127-128-129-130-131-132-133-134-135-136-137-138-139-140-141-142-143-144-145-146-147-148-149-150-151-152-153-154-155-156-157-158-159-160-198-162-163-164-165-166-167-168-169-170-171-172-173-174-175-176-177-178-179-180-181-182-183-184-185-186-187-188-189-190-191-192-193-194-195-196-58-161-199,26410
1-2-3-4-5-129-7-8-9-10-11-12-13-14-15-16-17-18-19-20-21-22-23-24-25-26-27-28-29-30-31-32-33-34-35-36-37-38-39-40-41-42-43-44-45-46-47-48-49-50-51-52-53-54-55-56-57-197-59-60-61-62-63-64-65-66-67-68-69-70-71-72-73-74-75-76-77-78-79-80-81-82-83-84-85-86-87-88-89-90-91-92-93-94-95-96-97-98-99-100-101-102-103-104-105-106-107-108-109-110-111-112-113-114-115-116-117-118-119-120-121-122-123-124-125-126-127-128-6-130-131-132-133-134-135-136-137-138-139-140-141-142-143-144-145-146-147-148-149-150-151-152-153-154-155-156-157-158-159-160-198-162-163-164-165-166-167-168-169-170-171-172-173-174-175-176-177-178-179-180-181-182-183-184-185-186-187-188-189-190-191-192-193-194-195-196-58-161-199,15825
1-2-3-4-5-129-7-8-9-10-11-12-13-14-15-16-17-18-19-20-21-22-23-24-25-26-125-28-29-30-31-32-33-34-35-36-37-38-39-40-41-42-43-44-45-46-47-48-49-50-51-52-53-54-55-56-57-197-59-60-61-62-63-64-65-66-67-68-69-70-71-72-73-74-75-76-77-78-79-80-81-82-83-84-85-86-87-88-89-90-91-92-93-94-95-96-97-98-99-100-101-102-103-104-105-106-107-108-109-110-111-112-113-114-115-116-117-118-119-120-121-122-123-124-27-126-127-128-6-130-131-132-133-134-135-136-137-138-139-140-141-142-143-144-145-146-147-148-149-150-151-152-153-154-155-156-157-158-159-160-198-162-163-164-165-166-167-168-169-170-171-172-173-174-175-176-177-178-179-180-181-182-183-184-185-186-187-188-189-190-191-192-193-194-195-196-58-161-199,15862
1-2-3-4-5-129-7-8-9-10-11-12-13-14-15-16-17-18-19-20-21-22-23-24-25-26-125-28-29-30-31-32-33-34-35-36-37-38-39-40-41-42-43-44-45-46-47-48-49-50-51-52-53-54-55-56-57-197-59-60-61-62-63-64-65-66-67-68-69-70-71-72-73-74-75-76-77-78-79-80-173-82-83-84-85-86-87-88-89-90-91-92-93-94-95-96-97-98-99-100-101-102-103-104-105-106-107-108-109-110-111-112-113-114-115-116-117-118-119-120-121-122-123-124-27-126-127-128-6-130-131-132-133-134-135-136-137-138-139-140-141-142-143-144-145-146-147-148-149-150-151-152-153-154-155-156-157-158-159-160-198-162-163-164-165-166-167-168-169-170-171-172-81-174-175-176-177-178-179-180-181-182-183-184-185-186-187-188-189-190-191-192-193-194-195-196-58-161-199,15843
1-2-3-4-5-129-7-8-9-10-11-12-13-14-15-16-17-18-19-20-21-22-23-24-25-26-125-28-29-30-31-32-33-34-35-36-37-38-39-40-41-42-43-44-45-46-47-48-49-50-51-52-53-54-55-140-57-197-59-60-61-62-63-64-65-66-67-68-69-70-71-72-73-74-75-76-77-78-79-80-173-82-83-84-85-86-87-88-89-90-91-92-93-94-95-96-97-98-99-100-101-102-103-104-105-106-107-108-109-110-111-112-113-114-115-116-117-118-119-120-121-122-123-124-27-126-127-128-6-130-131-132-133-134-135-136-137-138-139-56-141-142-143-144-145-146-147-148-149-150-151-152-153-154-155-156-157-158-159-160-198-162-163-164-165-166-167-168-169-170-171-172-81-174-175-176-177-178-179-180-181-182-183-184-185-186-187-188-189-190-191-192-193-194-195-196-58-161-199,15826
1-2-3-4-5-129-7-8-9-10-11-12-13-14-15-16-17-18-19-20-21-22-23-24-25-26-125-28-29-30-31-32-33-34-35-36-37-38-39-40-41-42-43-44-45-46-47-48-49-50-51-52-53-54-55-140-57-197-59-60-61-62-63-64-65-66-67-68-69-70-71-72-73-74-75-76-77-78-79-80-173-82-83-84-85-86-87-88-89-90-91-92-93-94-95-96-97-98-99-100-101-102-103-104-105-106-107-108-109-110-111-112-113-114-115-116-117-118-119-120-121-122-149-124-27-126-127-128-6-130-131-132-133-134-135-136-137-138-139-56-141-142-143-144-145-146-147-148-123-150-151-152-153-154-155-156-157-158-159-160-198-162-163-164-165-166-167-168-169-170-171-172-81-174-175-176-177-178-179-180-181-182-183-184-185-186-187-188-189-190-191-192-193-194-195-196-58-161-199,15756
1-2-3-4-5-129-7-8-9-10-11-12-13-14-15-16-17-18-19-20-21-22-23-24-25-26-125-28-29-30-31-32-33-34-35-36-37-38-39-40-41-42-43-44-45-46-47-48-49-50-51-52-53-54-55-140-57-197-59-60-61-62-63-64-65-66-67-68-69-70-71-72-73-74-75-76-77-78-79-80-173-82-83-84-85-86-87-88-89-90-91-195-93-94-95-96-97-98-99-100-101-102-103-104-105-106-107-108-109-110-111-112-113-114-115-116-117-118-119-120-121-122-149-124-27-126-127-128-6-130-131-132-133-134-135-136-137-138-139-56-141-142-143-144-145-146-147-148-123-150-151-152-153-154-155-156-157-158-159-160-198-162-163-164-165-166-167-168-169-170-171-172-81-174-175-176-177-178-179-180-181-182-183-184-185-186-187-188-189-190-191-192-193-194-92-196-58-161-199,15936
1-2-3-4-5-129-7-8-9-10-11-12-13-14-15-16-17-18-19-20-21-22-23-24-25-26-125-28-29-30-31-32-33-34-35-36-37-38-39-40-41-42-43-44-45-46-47-48-49-50-51-52-53-54-55-140-57-197-59-60-61-62-63-64-65-66-67-68-69-70-71-72-73-74-75-76-77-78-79-80-173-82-83-84-85-86-87-88-89-90-91-195-93-94-95-96-97-98-99-100-101-102-103-104-105-106-107-108-109-110-111-112-113-114-115-116-117-118-119-120-121-122-149-124-27-126-127-128-6-130-131-132-133-134-135-136-137-138-139-56-141-142-143-144-145-146-147-148-123-150-151-152-153-154-155-156-157-158-159-160-198-162-163-164-165-166-167-168-169-170-171-172-81-174-175-176-177-178-179-180-181-182-183-187-185-186-184-188-189-190-191-192-193-194-92-196-58-161-199,15936
1-2-3-4-5-129-7-8-9-10-11-12-13-14-15-16-17-18-19-20-21-22-23-24-25-26-125-28-29-30-31-32-33-34-35-36-37-38-39-40-41-42-43-44-45-46-47-48-49-50-51-52-53-54-55-140-57-197-59-60-61-62-63-64-65-66-67-68-69-70-71-72-73-74-75-76-77-78-79-80-173-82-163-84-85-86-87-88-89-90-91-195-93-94-95-96-97-98-99-100-101-102-103-104-105-106-107-108-109-110-111-112-113-114-115-116-117-118-119-120-121-122-149-124-27-126-127-128-6-130-131-132-133-134-135-136-137-138-139-56-141-142-143-144-145-146-147-148-123-150-151-152-153-154-155-156-157-158-159-160-198-162-83-164-165-166-167-168-169-170-171-172-81-174-175-176-177-178-179-180-181-182-183-187-185-186-184-188-189-190-191-192-193-194-92-196-58-161-199,15953
1-2-3-4-5-129-7-8-9-10-11-12-13-14-15-16-17-18-19-20-21-22-23-24-25-26-125-28-29-30-31-32-33-34-35-36-37-38-39-40-41-42-43-44-45-46-47-48-49-50-51-52-53-54-55-140-57-197-59-60-61-62-63-64-65-66-67-68-69-70-96-72-73-74-75-76-77-78-79-80-173-82-163-84-85-86-87-88-89-90-91-195-93-94-95-71-97-98-99-100-101-102-103-104-105-106-107-108-109-110-111-112-113-114-115-116-117-118-119-120-121-122-149-124-27-126-127-128-6-130-131-132-133-134-135-136-137-138-139-56-141-142-143-144-145-146-147-148-123-150-151-152-153-154-155-156-157-158-159-160-198-162-83-164-165-166-167-168-169-170-171-172-81-174-175-176-177-178-179-180-181-182-183-187-185-186-184-188-189-190-191-192-193-194-92-196-58-161-199,15953
1-2-3-4-5-129-7-8-9-10-11-12-13-14-15-16-17-18-19-20-21-22-23-24-25-26-125-28-29-30-31-32-33-34-35-36-37-38-39-40-41-42-43-44-45-46-47-48-49-50-51-52-53-54-55-140-57-197-59-60-61-62-63-64-65-66-67-68-69-70-96-72-73-74-75-76-77-78-79-80-173-82-163-84-85-86-87-88-89-90-164-195-93-94-95-71-97-98-99-100-101-102-103-104-105-106-107-108-109-110-111-112-113-114-115-116-117-118-119-120-121-122-149-124-27-126-127-128-6-130-131-132-133-134-135-136-137-138-139-56-141-142-143-144-145-146-147-148-123-150-151-152-153-154-155-156-157-158-159-160-198-162-83-91-165-166-167-168-169-170-171-172-81-174-175-176-177-178-179-180-181-182-183-187-185-186-184-188-189-190-191-192-193-194-92-196-58-161-199,16903
1-2-3-4-5-129-7-8-9-10-11-12-13-14-15-16-17-18-19-20-21-22-23-24-25-26-125-28-29-30-31-32-33-34-35-36-37-38-39-40-41-42-43-44-45-46-47-48-49-50-51-52-53-54-55-140-57-197-59-60-61-62-63-64-65-66-67-68-69-70-96-72-73-74-75-76-77-78-79-80-173-82-163-84-85-86-87-88-89-90-91-195-93-94-95-71-97-98-99-100-101-102-103-104-105-106-107-108-109-110-111-112-113-114-115-116-117-118-119-120-121-122-149-124-27-126-127-128-6-130-131-132-133-134-135-136-137-150-139-56-141-142-143-144-145-146-147-148-123-138-151-152-153-154-155-156-157-158-159-160-198-162-83-164-165-166-167-168-169-170-171-172-81-174-175-176-177-178-179-180-181-182-183-187-185-186-184-188-189-190-191-192-193-194-92-196-58-161-199,15875
1-2-3-4-5-129-7-8-9-10-11-12-13-14-15-16-17-18-19-20-21-22-23-24-25-26-125-28-29-30-31-32-33-34-35-36-37-38-39-40-41-42-43-44-45-46-47-48-49-50-51-52-53-54-55-140-57-197-59-60-61-62-63-64-65-66-67-68-69-70-96-72-73-74-75-76-77-78-79-80-173-82-163-84-85-86-87-160-89-90-91-195-93-94-95-71-97-98-99-100-101-102-103-104-105-106-107-108-109-110-111-112-113-114-115-116-117-118-119-120-121-122-149-124-27-126-127-128-6-130-131-132-133-134-135-136-137-150-139-56-141-142-143-144-145-146-147-148-123-138-151-152-153-154-155-156-157-158-159-88-198-162-83-164-165-166-167-168-169-170-171-172-81-174-175-176-177-178-179-180-181-182-183-187-185-186-184-188-189-190-191-192-193-194-92-196-58-161-199,15749
1-2-3-4-5-129-7-8-9-10-11-12-13-14-15-16-17-18-19-20-21-22-23-24-25-26-125-28-29-30-31-32-33-34-35-36-37-38-39-40-41-42-43-44-45-46-47-48-49-50-51-52-53-54-55-140-57-197-59-60-61-62-63-64-65-66-67-68-69-70-96-72-73-74-75-76-77-78-79-80-173-82-163-84-85-86-87-160-89-90-91-195-93-94-95-71-97-98-99-100-101-102-103-104-105-106-107-108-109-110-111-112-113-114-115-116-117-118-119-120-121-122-149-124-27-126-127-128-6-130-131-132-133-134-135-136-137-150-139-148-141-142-143-144-145-146-147-56-123-138-151-152-153-154-155-156-157-158-159-88-198-162-83-164-165-166-167-168-169-170-171-172-81-174-175-176-177-178-179-180-181-182-183-187-185-186-184-188-189-190-191-192-193-194-92-196-58-161-199,15749
1-2-3-4-5-129-7-8-9-10-11-12-13-14-15-16-17-18-19-20-21-22-23-24-25-26-125-28-29-30-31-32-33-34-35-36-37-38-39-40-41-42-43-44-45-46-47-48-49-50-51-52-53-54-55-140-57-197-59-60-61-62-63-64-65-66-67-68-69-70-96-72-73-74-75-76-77-78-79-80-173-82-163-84-85-86-87-160-89-90-91-195-93-94-95-71-97-98-99-100-101-102-103-104-105-106-107-108-172-110-111-112-113-114-115-116-117-118-119-120-121-122-149-124-27-126-127-128-6-130-131-132-133-134-135-136-137-150-139-148-141-142-143-144-145-146-147-56-123-138-151-152-153-154-155-156-157-158-159-88-198-162-83-164-165-166-167-168-169-170-171-109-81-174-175-176-177-178-179-180-181-182-183-187-185-186-184-188-189-190-191-192-193-194-92-196-58-161-199,16122
1-2-3-4-5-129-7-8-9-10-11-12-13-14-15-16-17-18-19-20-21-22-23-24-25-26-125-28-29-30-31-32-33-34-35-36-37-38-39-40-41-42-43-44-45-46-47-48-49-50-176-52-53-54-55-140-57-197-59-60-61-62-63-64-65-66-67-68-69-70-96-72-73-74-75-76-77-78-79-80-173-82-163-84-85-86-87-160-89-90-91-195-93-94-95-71-97-98-99-100-101-102-103-104-105-106-107-108-172-110-111-112-113-114-115-116-117-118-119-120-121-122-149-124-27-126-127-128-6-130-131-132-133-134-135-136-137-150-139-148-141-142-143-144-145-146-147-56-123-138-151-152-153-154-155-156-157-158-159-88-198-162-83-164-165-166-167-168-169-170-171-109-81-174-175-51-177-178-179-180-181-182-183-187-185-186-184-188-189-190-191-192-193-194-92-196-58-161-199,16488
1-2-3-4-5-129-7-8-9-10-11-12-13-14-15-16-17-67-19-20-21-22-23-24-25-26-125-28-29-30-31-32-33-34-35-36-37-38-39-40-41-42-43-44-45-46-47-48-49-50-176-52-53-54-55-140-57-197-59-60-61-62-63-64-65-66-18-68-69-70-96-72-73-74-75-76-77-78-79-80-173-82-163-84-85-86-87-160-89-90-91-195-93-94-95-71-97-98-99-100-101-102-103-104-105-106-107-108-172-110-111-112-113-114-115-116-117-118-119-120-121-122-149-124-27-126-127-128-6-130-131-132-133-134-135-136-137-150-139-148-141-142-143-144-145-146-147-56-123-138-151-152-153-154-155-156-157-158-159-88-198-162-83-164-165-166-167-168-169-170-171-109-81-174-175-51-177-178-179-180-181-182-183-187-185-186-184-188-189-190-191-192-193-194-92-196-58-161-199,16488
1-2-3-4-19-129-7-8-9-10-11-12-13-14-15-16-17-67-5-20-21-22-23-24-25-26-125-28-29-30-31-32-33-34-35-36-37-38-39-40-41-42-43-44-45-46-47-48-49-50-176-52-53-54-55-140-57-197-59-60-61-62-63-64-65-66-18-68-69-70-96-72-73-74-75-76-77-78-79-80-173-82-163-84-85-86-87-160-89-90-91-195-93-94-95-71-97-98-99-100-101-102-103-104-105-106-107-108-172-110-111-112-113-114-115-116-117-118-119-120-121-122-149-124-27-126-127-128-6-130-131-132-133-134-135-136-137-150-139-148-141-142-143-144-145-146-147-56-123-138-151-152-153-154-155-156-157-158-159-88-198-162-83-164-165-166-167-168-169-170-171-109-81-174-175-51-177-178-179-180-181-182-183-187-185-186-184-188-189-190-191-192-193-194-92-196-58-161-199,19584
1-2-3-4-5-129-7-8-9-10-11-12-13-14-15-16-17-67-19-20-21-22-23-24-25-26-125-28-29-30-31-32-33-34-35-36-37-38-39-40-41-42-43-44-45-46-47-48-49-50-176-52-53-54-55-140-57-197-59-60-61-62-63-64-65-66-18-68-69-70-96-72-73-74-75-76-77-78-79-80-173-82-163-84-85-86-87-160-104-90-91-195-93-94-95-71-97-98-99-100-101-102-103-89-105-106-107-108-172-110-111-112-113-114-115-116-117-118-119-120-121-122-149-124-27-126-127-128-6-130-131-132-133-134-135-136-137-150-139-148-141-142-143-144-145-146-147-56-123-138-151-152-153-154-155-156-157-158-159-88-198-162-83-164-165-166-167-168-169-170-171-109-81-174-175-51-177-178-179-180-181-182-183-187-185-186-184-188-189-190-191-192-193-194-92-196-58-161-199,16152
1-2-3-4-5-129-7-8-9-10-11-12-13-14-15-16-17-67-19-20-21-22-23-24-25-26-125-28-29-30-31-32-33-34-35-36-37-38-39-40-41-42-43-44-45-46-47-48-49-50-176-52-53-54-55-140-57-197-59-60-61-62-63-64-65-66-18-68-111-70-96-72-73-74-75-76-77-78-79-80-173-82-163-84-85-86-87-160-104-90-91-195-93-94-95-71-97-98-99-100-101-102-103-89-105-106-107-108-172-110-69-112-113-114-115-116-117-118-119-120-121-122-149-124-27-126-127-128-6-130-131-132-133-134-135-136-137-150-139-148-141-142-143-144-145-146-147-56-123-138-151-152-153-154-155-156-157-158-159-88-198-162-83-164-165-166-167-168-169-170-171-109-81-174-175-51-177-178-179-180-181-182-183-187-185-186-184-188-189-190-191-192-193-194-92-196-58-161-199,16488
1-2-3-4-5-129-7-8-9-10-11-12-13-14-15-16-17-67-19-20-21-22-23-24-25-26-125-28-29-30-31-32-33-34-35-36-37-38-39-40-41-42-43-44-45-46-47-48-49-50-176-52-53-54-55-140-57-197-59-60-61-62-63-64-65-66-18-68-111-70-96-72-73-74-75-76-77-78-79-80-173-82-163-84-85-86-87-160-104-90-91-195-93-94-95-71-97-98-99-100-101-102-103-89-105-106-107-108-172-110-69-112-113-114-115-116-117-118-119-120-121-122-149-124-27-126-127-128-6-130-131-132-133-134-135-136-137-150-139-148-141-142-143-144-145-146-147-56-123-138-151-152-153-154-155-156-157-158-159-88-198-162-83-164-165-166-167-168-169-170-171-109-81-174-175-51-177-194-179-180-181-182-183-187-185-186-184-188-189-190-191-192-193-178-92-196-58-161-199,16488
1-2-3-4-5-129-7-8-9-10-11-12-13-14-15-16-17-67-19-20-21-22-23-24-25-26-125-28-29-30-31-32-33-34-35-36-37-38-39-40-41-42-43-44-45-46-47-48-49-50-176-52-53-54-55-140-57-197-59-60-61-62-63-64-65-66-18-68-111-70-96-72-73-74-75-76-77-78-79-80-173-82-163-84-85-86-87-160-104-90-91-195-93-94-95-71-97-98-99-100-101-102-103-89-105-106-107-108-172-110-69-112-113-114-115-116-117-118-119-120-121-122-149-124-27-126-127-128-6-130-131-132-133-134-135-199-137-150-139-148-141-142-143-144-145-146-147-56-123-138-151-152-153-154-155-156-157-158-159-88-198-162-83-164-165-166-167-168-169-170-171-109-81-174-175-51-177-194-179-180-181-182-183-187-185-186-184-188-189-190-191-192-193-178-92-196-58-161-136,16481
1-2-3-4-5-129-7-8-9-10-11-12-13-14-15-16-17-67-19-20-21-22-23-24-25-26-125-28-29-30-31-32-33-34-35-36-37-38-39-40-41-42-43-44-45-46-47-48-49-50-176-52-53-54-55-140-57-197-59-60-70-62-63-64-65-66-18-68-111-61-96-72-73-74-75-76-77-78-79-80-173-82-163-84-85-86-87-160-104-90-91-195-93-94-95-71-97-98-99-100-101-102-103-89-105-106-107-108-172-110-69-112-113-114-115-116-117-118-119-120-121-122-149-124-27-126-127-128-6-130-131-132-133-134-135-199-137-150-139-148-141-142-143-144-145-146-147-56-123-138-151-152-153-154-155-156-157-158-159-88-198-162-83-164-165-166-167-168-169-170-171-109-81-174-175-51-177-194-179-180-181-182-183-187-185-186-184-188-189-190-191-192-193-178-92-196-58-161-136,16481
1-2-3-4-5-129-7-8-9-10-11-12-13-14-15-16-17-67-19-20-21-22-23-24-25-26-125-28-29-30-31-32-33-34-35-36-37-38-39-40-41-42-43-44-45-46-47-48-49-50-176-52-53-54-55-140-57-197-59-60-70-62-63-64-65-66-18-68-111-61-96-72-73-74-75-76-77-78-79-80-173-82-163-84-85-86-87-160-104-90-91-195-119-94-95-71-97-98-99-100-101-102-103-89-105-106-107-108-172-110-69-112-113-114-115-116-117-118-93-120-121-122-149-124-27-126-127-128-6-130-131-132-133-134-135-199-137-150-139-148-141-142-143-144-145-146-147-56-123-138-151-152-153-154-155-156-157-158-159-88-198-162-83-164-165-166-167-168-169-170-171-109-81-174-175-51-177-194-179-180-181-182-183-187-185-186-184-188-189-190-191-192-193-178-92-196-58-161-136,16204
1-2-3-4-5-129-7-8-125-10-11-12-13-14-15-16-17-67-19-20-21-22-23-24-25-26-9-28-29-30-31-32-33-34-35-36-37-38-39-40-41-42-43-44-45-46-47-48-49-50-176-52-53-54-55-140-57-197-59-60-70-62-63-64-65-66-18-68-111-61-96-72-73-74-75-76-77-78-79-80-173-82-163-84-85-86-87-160-104-90-91-195-119-94-95-71-97-98-99-100-101-102-103-89-105-106-107-108-172-110-69-112-113-114-115-116-117-118-93-120-121-122-149-124-27-126-127-128-6-130-131-132-133-134-135-199-137-150-139-148-141-142-143-144-145-146-147-56-123-138-151-152-153-154-155-156-157-158-159-88-198-162-83-164-165-166-167-168-169-170-171-109-81-174-175-51-177-194-179-180-181-182-183-187-185-186-184-188-189-190-191-192-193-178-92-196-58-161-136,16204
1-2-3-4-5-129-7-8-125-10-11-12-13-14-15-16-17-67-19-20-21-22-23-24-25-26-9-28-29-30-31-32-33-34-35-36-37-38-39-40-41-42-43-44-45-46-47-48-49-50-176-52-53-54-55-140-57-197-59-60-70-62-63-64-65-66-18-68-111-61-96-72-73-74-75-76-77-78-79-80-173-82-163-84-85-86-87-160-104-90-91-195-119-94-95-71-97-98-99-100-101-102-103-89-105-106-107-108-172-110-69-112-113-114-115-156-117-118-93-120-121-122-149-124-27-126-127-128-6-130-131-132-133-134-135-199-137-150-139-148-141-142-143-144-145-146-147-56-123-138-151-152-153-154-155-116-157-158-159-88-198-162-83-164-165-166-167-168-169-170-171-109-81-174-175-51-177-194-179-180-181-182-183-187-185-186-184-188-189-190-191-192-193-178-92-196-58-161-136,16204
1-2-3-4-5-129-7-8-125-10-11-12-13-14-15-16-17-67-19-20-21-188-23-24-25-26-9-28-29-30-31-32-33-34-35-36-37-38-39-40-41-42-43-44-45-46-47-48-49-50-176-52-53-54-55-140-57-197-59-60-70-62-63-64-65-66-18-68-111-61-96-72-73-74-75-76-77-78-79-80-173-82-163-84-85-86-87-160-104-90-91-195-119-94-95-71-97-98-99-100-101-102-103-89-105-106-107-108-172-110-69-112-113-114-115-156-117-118-93-120-121-122-149-124-27-126-127-128-6-130-131-132-133-134-135-199-137-150-139-148-141-142-143-144-145-146-147-56-123-138-151-152-153-154-155-116-157-158-159-88-198-162-83-164-165-166-167-168-169-170-171-109-81-174-175-51-177-194-179-180-181-182-183-187-185-186-184-22-189-190-191-192-193-178-92-196-58-161-136,16127
1-2-3-4-5-129-7-8-125-10-11-12-13-14-15-16-17-67-19-20-21-188-23-24-25-26-9-28-29-30-31-32-33-34-35-36-37-38-39-40-41-42-43-44-45-46-47-48-49-50-176-52-53-54-159-140-57-197-59-60-70-62-63-64-65-66-18-68-111-61-96-72-73-74-75-76-77-78-79-80-173-82-163-84-85-86-87-160-104-90-91-195-119-94-95-71-97-98-99-100-101-102-103-89-105-106-107-108-172-110-69-112-113-114-115-156-117-118-93-120-121-122-149-124-27-126-127-128-6-130-131-132-133-134-135-199-137-150-139-148-141-142-143-144-145-146-147-56-123-138-151-152-153-154-155-116-157-158-55-88-198-162-83-164-165-166-167-168-169-170-171-109-81-174-175-51-177-194-179-180-181-182-183-187-185-186-184-22-189-190-191-192-193-178-92-196-58-161-136,16021
1-2-3-4-5-129-7-8-125-153-11-12-13-14-15-16-17-67-19-20-21-188-23-24-25-26-9-28-29-30-31-32-33-34-35-36-37-38-39-40-41-42-43-44-45-46-47-48-49-50-176-52-53-54-159-140-57-197-59-60-70-62-63-64-65-66-18-68-111-61-96-72-73-74-75-76-77-78-79-80-173-82-163-84-85-86-87-160-104-90-91-195-119-94-95-71-97-98-99-100-101-102-103-89-105-106-107-108-172-110-69-112-113-114-115-156-117-118-93-120-121-122-149-124-27-126-127-128-6-130-131-132-133-134-135-199-137-150-139-148-141-142-143-144-145-146-147-56-123-138-151-152-10-154-155-116-157-158-55-88-198-162-83-164-165-166-167-168-169-170-171-109-81-174-175-51-177-194-179-180-181-182-183-187-185-186-184-22-189-190-191-192-193-178-92-196-58-161-136,20112
1-2-3-4-5-129-7-8-125-10-11-12-13-14-15-16-17-67-19-20-21-188-23-24-92-26-9-28-29-30-31-32-33-34-35-36-37-38-39-40-41-42-43-44-45-46-47-48-49-50-176-52-53-54-159-140-57-197-59-60-70-62-63-64-65-66-18-68-111-61-96-72-73-74-75-76-77-78-79-80-173-82-163-84-85-86-87-160-104-90-91-195-119-94-95-71-97-98-99-100-101-102-103-89-105-106-107-108-172-110-69-112-113-114-115-156-117-118-93-120-121-122-149-124-27-126-127-128-6-130-131-132-133-134-135-199-137-150-139-148-141-142-143-144-145-146-147-56-123-138-151-152-153-154-155-116-157-158-55-88-198-162-83-164-165-166-167-168-169-170-171-109-81-174-175-51-177-194-179-180-181-182-183-187-185-186-184-22-189-190-191-192-193-178-25-196-58-161-136,16070
1-2-3-4-5-67-7-8-125-10-11-12-13-14-15-16-17-129-19-20-21-188-23-24-92-26-9-28-29-30-31-32-33-34-35-36-37-38-39-40-41-42-43-44-45-46-47-48-49-50-176-52-53-54-159-140-57-197-59-60-70-62-63-64-65-66-18-68-111-61-96-72-73-74-75-76-77-78-79-80-173-82-163-84-85-86-87-160-104-90-91-195-119-94-95-71-97-98-99-100-101-102-103-89-105-106-107-108-172-110-69-112-113-114-115-156-117-118-93-120-121-122-149-124-27-126-127-128-6-130-131-132-133-134-135-199-137-150-139-148-141-142-143-144-145-146-147-56-123-138-151-152-153-154-155-116-157-158-55-88-198-162-83-164-165-166-167-168-169-170-171-109-81-174-175-51-177-194-179-180-181-182-183-187-185-186-184-22-189-190-191-192-193-178-25-196-58-161-136,19000
1-2-3-4-5-129-7-8-125-10-11-12-13-14-15-16-17-67-19-20-21-188-23-24-92-26-9-28-29-30-31-32-33-34-35-36-37-38-39-40-41-42-43-44-45-46-47-48-49-50-176-52-53-54-159-140-57-197-59-60-70-62-63-64-65-66-18-68-111-61-96-72-73-74-75-76-77-78-79-80-173-82-91-84-85-86-87-160-104-90-163-195-119-94-95-71-97-98-99-100-101-102-103-89-105-106-107-108-172-110-69-112-113-114-115-156-117-118-93-120-121-122-149-124-27-126-127-128-6-130-131-132-133-134-135-199-137-150-139-148-141-142-143-144-145-146-147-56-123-138-151-152-153-154-155-116-157-158-55-88-198-162-83-164-165-166-167-168-169-170-171-109-81-174-175-51-177-194-179-180-181-182-183-187-185-186-184-22-189-190-191-192-193-178-25-196-58-161-136,16070
1-2-3-4-5-129-7-8-125-10-11-12-13-14-15-16-17-67-19-20-21-188-23-24-92-26-9-28-29-30-31-32-33-34-35-36-37-38-39-40-41-42-43-44-45-46-47-48-49-50-176-52-53-54-159-140-57-197-59-60-70-62-63-64-65-66-18-68-111-61-96-72-73-74-75-76-77-78-79-80-173-82-91-84-85-86-87-160-104-90-163-195-119-94-95-71-97-98-99-100-101-102-103-89-105-106-107-108-172-110-69-112-113-114-115-156-117-118-93-120-121-122-149-124-27-126-127-128-6-130-131-132-133-134-135-199-137-150-139-148-141-142-143-144-145-146-147-56-123-138-151-152-153-154-155-116-157-158-55-88-198-162-83-164-165-175-167-168-169-170-171-109-81-174-166-51-177-194-179-180-181-182-183-187-185-186-184-22-189-190-191-192-193-178-25-196-58-161-136,16070
1-2-3-4-5-129-7-8-125-10-11-12-13-14-15-16-17-67-19-20-21-188-23-24-92-26-9-28-29-30-31-32-33-34-35-36-37-38-39-40-41-42-43-179-45-46-47-48-49-50-176-52-53-54-159-140-57-197-59-60-70-62-63-64-65-66-18-68-111-61-96-72-73-74-75-76-77-78-79-80-173-82-91-84-85-86-87-160-104-90-163-195-119-94-95-71-97-98-99-100-101-102-103-89-105-106-107-108-172-110-69-112-113-114-115-156-117-118-93-120-121-122-149-124-27-126-127-128-6-130-131-132-133-134-135-199-137-150-139-148-141-142-143-144-145-146-147-56-123-138-151-152-153-154-155-116-157-158-55-88-198-162-83-164-165-175-167-168-169-170-171-109-81-174-166-51-177-194-44-180-181-182-183-187-185-186-184-22-189-190-191-192-193-178-25-196-58-161-136,16424
1-2-3-4-5-129-7-8-125-10-11-12-13-14-15-16-17-67-19-20-21-188-23-24-92-26-9-28-29-30-31-32-33-34-35-36-37-38-39-161-41-42-43-44-45-46-47-48-49-50-176-52-53-54-159-140-57-197-59-60-70-62-63-64-65-66-18-68-111-61-96-72-73-74-75-76-77-78-79-80-173-82-91-84-85-86-87-160-104-90-163-195-119-94-95-71-97-98-99-100-101-102-103-89-105-106-107-108-172-110-69-112-113-114-115-156-117-118-93-120-121-122-149-124-27-126-127-128-6-130-131-132-133-134-135-199-137-150-139-148-141-142-143-144-145-146-147-56-123-138-151-152-153-154-155-116-157-158-55-88-198-162-83-164-165-175-167-168-169-170-171-109-81-174-166-51-177-194-179-180-181-182-183-187-185-186-184-22-189-190-191-192-193-178-25-196-58-40-136,16322
1-2-3-4-5-129-7-8-125-10-11-12-13-14-15-16-17-67-19-20-21-188-23-24-92-26-9-28-29-30-31-32-33-34-35-36-37-38-39-40-41-42-43-44-45-46-47-48-49-50-176-52-53-54-159-140-57-197-59-60-70-62-63-64-65-66-18-68-111-61-96-72-73-74-75-76-77-78-79-80-173-82-91-84-85-86-87-160-104-90-163-195-119-94-95-71-97-98-99-100-101-102-103-89-105-106-107-108-172-110-69-112-113-114-115-156-147-118-93-120-121-122-149-124-27-126-127-128-6-130-131-132-133-134-135-199-137-150-139-148-141-142-143-144-145-146-117-56-123-138-151-152-153-154-155-116-157-158-55-88-198-162-83-164-165-175-167-168-169-170-171-109-81-174-166-51-177-194-179-180-181-182-183-187-185-186-184-22-189-190-191-192-193-178-25-196-58-161-136,16041
1-2-3-4-5-129-7-8-125-10-11-12-13-14-15-16-17-67-19-20-21-188-23-24-92-26-9-28-29-30-31-32-33-34-35-36-37-38-39-40-41-42-43-44-194-46-47-48-49-50-176-52-53-54-159-140-57-197-59-60-70-62-63-64-65-66-18-68-111-61-96-72-73-74-75-76-77-78-79-80-173-82-91-84-85-86-87-160-104-90-163-195-119-94-95-71-97-98-99-100-101-102-103-89-105-106-107-108-172-110-69-112-113-114-115-156-147-118-93-120-121-122-149-124-27-126-127-128-6-130-131-132-133-134-135-199-137-150-139-148-141-142-143-144-145-146-117-56-123-138-151-152-153-154-155-116-157-158-55-88-198-162-83-164-165-175-167-168-169-170-171-109-81-174-166-51-177-45-179-180-181-182-183-187-185-186-184-22-189-190-191-192-193-178-25-196-58-161-136,16725
1-2-3-4-5-129-7-8-125-10-11-12-13-14-15-16-17-67-19-20-21-188-23-24-92-26-9-28-29-30-31-32-33-34-35-187-37-38-39-40-41-42-43-44-45-46-47-48-49-50-176-52-53-54-159-140-57-197-59-60-70-62-63-64-65-66-18-68-111-61-96-72-73-74-75-76-77-78-79-80-173-82-91-84-85-86-87-160-104-90-163-195-119-94-95-71-97-98-99-100-101-102-103-89-105-106-107-108-172-110-69-112-113-114-115-156-147-118-93-120-121-122-149-124-27-126-127-128-6-130-131-132-133-134-135-199-137-150-139-148-141-142-143-144-145-146-117-56-123-138-151-152-153-154-155-116-157-158-55-88-198-162-83-164-165-175-167-168-169-170-171-109-81-174-166-51-177-194-179-180-181-182-183-36-185-186-184-22-189-190-191-192-193-178-25-196-58-161-136,17646
1-2-3-4-5-129-7-8-125-10-11-12-13-14-15-16-17-67-19-20-21-188-23-24-92-60-9-28-29-30-31-32-33-34-35-36-37-38-39-40-41-42-43-44-45-46-47-48-49-50-176-52-53-54-159-140-57-197-59-26-70-62-63-64-65-66-18-68-111-61-96-72-73-74-75-76-77-78-79-80-173-82-91-84-85-86-87-160-104-90-163-195-119-94-95-71-97-98-99-100-101-102-103-89-105-106-107-108-172-110-69-112-113-114-115-156-147-118-93-120-121-122-149-124-27-126-127-128-6-130-131-132-133-134-135-199-137-150-139-148-141-142-143-144-145-146-117-56-123-138-151-152-153-154-155-116-157-158-55-88-198-162-83-164-165-175-167-168-169-170-171-109-81-174-166-51-177-194-179-180-181-182-183-187-185-186-184-22-189-190-191-192-193-178-25-196-58-161-136,16041
1-2-3-4-5-129-7-8-125-10-11-12-13-14-15-16-17-67-19-20-21-188-23-24-92-60-9-28-29-30-31-32-33-34-35-36-37-38-39-40-41-42-43-44-45-46-47-48-49-50-176-52-53-54-159-140-57-197-59-26-70-62-63-64-65-66-18-68-111-61-96-72-73-74-75-76-77-78-79-80-173-82-91-84-85-86-87-160-104-90-163-195-119-94-95-71-97-98-99-100-101-102-103-89-105-106-107-108-172-110-69-112-93-114-115-156-147-118-113-120-121-122-149-124-27-126-127-128-6-130-131-132-133-134-135-199-137-150-139-148-141-142-143-144-145-146-117-56-123-138-151-152-153-154-155-116-157-158-55-88-198-162-83-164-165-175-167-168-169-170-171-109-81-174-166-51-177-194-179-180-181-182-183-187-185-186-184-22-189-190-191-192-193-178-25-196-58-161-136,16002
1-2-3-4-5-129-7-8-125-10-11-12-13-14-15-16-17-67-19-20-21-188-23-24-92-60-9-28-29-30-31-32-33-34-35-36-37-38-39-40-41-42-43-44-45-46-47-48-49-50-176-52-53-54-159-140-57-197-59-26-70-62-63-64-65-66-18-68-111-61-96-72-73-74-75-76-77-78-79-80-173-82-91-84-85-86-87-160-104-90-163-195-119-94-95-71-97-98-99-100-101-102-103-89-105-106-107-108-172-110-69-112-93-114-115-156-147-118-124-120-121-122-149-113-27-126-127-128-6-130-131-132-133-134-135-199-137-150-139-148-141-142-143-144-145-146-117-56-123-138-151-152-153-154-155-116-157-158-55-88-198-162-83-164-165-175-167-168-169-170-171-109-81-174-166-51-177-194-179-180-181-182-183-187-185-186-184-22-189-190-191-192-193-178-25-196-58-161-136,16141
1-2-3-4-5-129-7-8-125-10-11-12-13-14-15-16-17-67-19-20-21-188-23-24-92-60-9-28-29-30-31-32-33-34-35-36-37-38-39-40-41-42-167-44-45-46-47-48-49-50-176-52-53-54-159-140-57-197-59-26-70-62-63-64-65-66-18-68-111-61-96-72-73-74-75-76-77-78-79-80-173-82-91-84-85-86-87-160-104-90-163-195-119-94-95-71-97-98-99-100-101-102-103-89-105-106-107-108-172-110-69-112-93-114-115-156-147-118-113-120-121-122-149-124-27-126-127-128-6-130-131-132-133-134-135-199-137-150-139-148-141-142-143-144-145-146-117-56-123-138-151-152-153-154-155-116-157-158-55-88-198-162-83-164-165-175-43-168-169-170-171-109-81-174-166-51-177-194-179-180-181-182-183-187-185-186-184-22-189-190-191-192-193-178-25-196-58-161-136,16400
1-2-3-4-5-129-189-8-125-10-11-12-13-14-15-16-17-67-19-20-21-188-23-24-92-60-9-28-29-30-31-32-33-34-35-36-37-38-39-40-41-42-43-44-45-46-47-48-49-50-176-52-53-54-159-140-57-197-59-26-70-62-63-64-65-66-18-68-111-61-96-72-73-74-75-76-77-78-79-80-173-82-91-84-85-86-87-160-104-90-163-195-119-94-95-71-97-98-99-100-101-102-103-89-105-106-107-108-172-110-69-112-93-114-115-156-147-118-113-120-121-122-149-124-27-126-127-128-6-130-131-132-133-134-135-199-137-150-139-148-141-142-143-144-145-146-117-56-123-138-151-152-153-154-155-116-157-158-55-88-198-162-83-164-165-175-167-168-169-170-171-109-81-174-166-51-177-194-179-180-181-182-183-187-185-186-184-22-7-190-191-192-193-178-25-196-58-161-136,20888
1-2-3-4-5-129-139-8-125-10-11-12-13-14-15-16-17-67-19-20-21-188-23-24-92-60-9-28-29-30-31-32-33-34-35-36-37-38-39-40-41-42-43-44-45-46-47-48-49-50-176-52-53-54-159-140-57-197-59-26-70-62-63-64-65-66-18-68-111-61-96-72-73-74-75-76-77-78-79-80-173-82-91-84-85-86-87-160-104-90-163-195-119-94-95-71-97-98-99-100-101-102-103-89-105-106-107-108-172-110-69-112-93-114-115-156-147-118-113-120-121-122-149-124-27-126-127-128-6-130-131-132-133-134-135-199-137-150-7-148-141-142-143-144-145-146-117-56-123-138-151-152-153-154-155-116-157-158-55-88-198-162-83-164-165-175-167-168-169-170-171-109-81-174-166-51-177-194-179-180-181-182-183-187-185-186-184-22-189-190-191-192-193-178-25-196-58-161-136,20960
1-2-3-4-5-129-7-8-125-10-11-12-13-14-15-16-17-67-19-20-21-188-23-24-92-60-9-28-29-30-31-32-33-34-35-36-37-38-39-40-41-42-43-44-45-46-47-48-49-50-176-52-53-54-159-140-57-197-59-26-70-62-63-64-65-66-18-68-111-61-96-72-73-74-75-76-77-78-79-80-173-82-91-126-85-86-87-160-104-90-163-195-119-94-95-71-97-98-99-100-101-102-103-89-105-106-107-108-172-110-69-112-93-114-115-156-147-118-113-120-121-122-149-124-27-84-127-128-6-130-131-132-133-134-135-199-137-150-139-148-141-142-143-144-145-146-117-56-123-138-151-152-153-154-155-116-157-158-55-88-198-162-83-164-165-175-167-168-169-170-171-109-81-174-166-51-177-194-179-180-181-182-183-187-185-186-184-22-189-190-191-192-193-178-25-196-58-161-136,16548
1-2-3-4-164-129-7-8-125-10-11-12-13-14-15-16-17-67-19-20-21-188-23-24-92-60-9-28-29-30-31-32-33-34-35-36-37-38-39-40-41-42-43-44-45-46-47-48-49-50-176-52-53-54-159-140-57-197-59-26-70-62-63-64-65-66-18-68-111-61-96-72-73-74-75-76-77-78-79-80-173-82-91-84-85-86-87-160-104-90-163-195-119-94-95-71-97-98-99-100-101-102-103-89-105-106-107-108-172-110-69-112-93-114-115-156-147-118-113-120-121-122-149-124-27-126-127-128-6-130-131-132-133-134-135-199-137-150-139-148-141-142-143-144-145-146-117-56-123-138-151-152-153-154-155-116-157-158-55-88-198-162-83-5-165-175-167-168-169-170-171-109-81-174-166-51-177-194-179-180-181-182-183-187-185-186-184-22-189-190-191-192-193-178-25-196-58-161-136,25144
1-2-3-4-5-129-7-8-125-10-11-12-13-14-15-16-17-67-19-20-21-188-23-24-92-60-9-28-29-30-31-32-33-34-35-36-37-38-39-40-41-42-43-44-45-46-47-48-49-50-176-52-53-54-159-140-64-197-59-26-70-62-63-57-65-66-18-68-111-61-96-72-73-74-75-76-77-78-79-80-173-82-91-84-85-86-87-160-104-90-163-195-119-94-95-71-97-98-99-100-101-102-103-89-105-106-107-108-172-110-69-112-93-114-115-156-147-118-113-120-121-122-149-124-27-126-127-128-6-130-131-132-133-134-135-199-137-150-139-148-141-142-143-144-145-146-117-56-123-138-151-152-153-154-155-116-157-158-55-88-198-162-83-164-165-175-167-168-169-170-171-109-81-174-166-51-177-194-179-180-181-182-183-187-185-186-184-22-189-190-191-192-193-178-25-196-58-161-136,16002
1-2-3-4-5-129-7-8-125-10-11-12-13-14-15-16-17-67-19-20-21-188-23-24-92-60-9-28-29-30-31-32-33-34-35-36-37-38-39-40-41-42-43-44-45-46-47-48-49-50-176-52-53-54-159-140-64-197-59-26-70-62-63-57-65-66-18-68-111-61-96-72-73-74-75-76-77-78-79-80-173-82-91-84-85-86-87-160-104-90-163-195-119-94-95-71-97-98-99-100-101-102-103-89-105-106-154-108-172-110-69-112-93-114-115-156-147-118-113-120-121-122-149-124-27-126-127-128-6-130-131-132-133-134-135-199-137-150-139-148-141-142-143-144-145-146-117-56-123-138-151-152-153-107-155-116-157-158-55-88-198-162-83-164-165-175-167-168-169-170-171-109-81-174-166-51-177-194-179-180-181-182-183-187-185-186-184-22-189-190-191-192-193-178-25-196-58-161-136,16743
1-2-3-4-5-129-7-8-125-10-11-12-13-14-15-16-17-67-19-20-21-188-23-24-92-60-9-28-29-30-31-32-33-34-35-36-37-38-39-93-41-42-43-44-45-46-47-48-49-50-176-52-53-54-159-140-64-197-59-26-70-62-63-57-65-66-18-68-111-61-96-72-73-74-75-76-77-78-79-80-173-82-91-84-85-86-87-160-104-90-163-195-119-94-95-71-97-98-99-100-101-102-103-89-105-106-107-108-172-110-69-112-40-114-115-156-147-118-113-120-121-122-149-124-27-126-127-128-6-130-131-132-133-134-135-199-137-150-139-148-141-142-143-144-145-146-117-56-123-138-151-152-153-154-155-116-157-158-55-88-198-162-83-164-165-175-167-168-169-170-171-109-81-174-166-51-177-194-179-180-181-182-183-187-185-186-184-22-189-190-191-192-193-178-25-196-58-161-136,15984
1-2-3-4-5-129-7-8-125-10-11-12-13-14-15-16-17-67-19-20-21-188-23-24-92-60-9-28-29-30-31-32-33-34-35-36-37-38-39-93-41-42-43-44-45-46-47-48-49-50-176-127-53-54-159-140-64-197-59-26-70-62-63-57-65-66-18-68-111-61-96-72-73-74-75-76-77-78-79-80-173-82-91-84-85-86-87-160-104-90-163-195-119-94-95-71-97-98-99-100-101-102-103-89-105-106-107-108-172-110-69-112-40-114-115-156-147-118-113-120-121-122-149-124-27-126-52-128-6-130-131-132-133-134-135-199-137-150-139-148-141-142-143-144-145-146-117-56-123-138-151-152-153-154-155-116-157-158-55-88-198-162-83-164-165-175-167-168-169-170-171-109-81-174-166-51-177-194-179-180-181-182-183-187-185-186-184-22-189-190-191-192-193-178-25-196-58-161-136,16182
1-2-3-4-5-129-7-8-125-10-11-12-13-14-15-16-17-67-19-20-21-188-23-24-92-60-9-28-29-30-31-32-33-34-35-36-37-38-39-93-41-42-43-44-45-46-47-48-49-50-176-52-53-54-159-140-64-197-59-26-70-62-63-57-65-66-18-68-111-61-96-72-73-74-75-76-77-78-79-80-173-82-91-84-85-86-87-160-104-90-163-195-119-94-95-71-97-98-99-100-101-102-103-89-105-106-107-108-172-110-69-112-40-114-115-156-147-118-113-120-121-122-149-124-27-126-127-128-6-130-123-132-133-134-135-199-137-150-139-148-141-142-143-144-145-146-117-56-131-138-151-152-153-154-155-116-157-158-55-88-198-162-83-164-165-175-167-168-169-170-171-109-81-174-166-51-177-194-179-180-181-182-183-187-185-186-184-22-189-190-191-192-193-178-25-196-58-161-136,16038
1-2-3-4-5-129-7-8-125-10-11-12-13-14-15-16-17-67-19-20-21-188-23-24-92-60-9-28-29-30-31-32-33-34-35-36-37-38-39-93-41-42-43-44-45-46-47-48-49-50-176-52-53-104-159-140-64-197-59-26-70-62-63-57-65-66-18-68-111-61-96-72-73-74-75-76-77-78-79-80-173-82-91-84-85-86-87-160-54-90-163-195-119-94-95-71-97-98-99-100-101-102-103-89-105-106-107-108-172-110-69-112-40-114-115-156-147-118-113-120-121-122-149-124-27-126-127-128-6-130-123-132-133-134-135-199-137-150-139-148-141-142-143-144-145-146-117-56-131-138-151-152-153-154-155-116-157-158-55-88-198-162-83-164-165-175-167-168-169-170-171-109-81-174-166-51-177-194-179-180-181-182-183-187-185-186-184-22-189-190-191-192-193-178-25-196-58-161-136,16038
1-2-3-4-5-129-7-8-125-10-11-12-13-14-15-16-17-67-19-20-21-188-23-24-92-60-9-28-29-30-31-32-33-34-35-36-37-38-39-93-41-42-43-44-45-46-47-48-49-50-176-52-53-104-159-140-64-197-59-26-70-62-63-57-65-66-18-68-111-61-96-72-73-74-75-76-77-78-79-80-173-82-91-84-85-86-87-160-54-90-163-195-119-94-95-71-97-98-99-100-172-102-103-89-105-106-107-108-101-110-69-112-40-114-115-156-147-118-113-120-121-122-149-124-27-126-127-128-6-130-123-132-133-134-135-199-137-150-139-148-141-142-143-144-145-146-117-56-131-138-151-152-153-154-155-116-157-158-55-88-198-162-83-164-165-175-167-168-169-170-171-109-81-174-166-51-177-194-179-180-181-182-183-187-185-186-184-22-189-190-191-192-193-178-25-196-58-161-136,16002
1-2-3-4-5-129-7-8-125-10-11-12-13-14-15-16-17-67-19-20-21-188-23-24-92-60-9-28-29-30-31-32-33-34-35-36-37-38-39-93-41-42-43-44-45-46-47-48-49-50-176-52-53-104-159-140-64-197-59-26-70-62-63-57-65-66-18-68-111-61-96-72-73-74-75-76-77-78-79-80-173-82-91-84-85-86-87-160-54-90-163-195-119-94-95-71-97-98-99-100-172-102-103-89-105-106-107-108-101-110-158-112-40-114-115-156-147-118-113-120-121-122-149-124-27-126-127-128-6-130-123-132-133-134-135-199-137-150-139-148-141-142-143-144-145-146-117-56-131-138-151-152-153-154-155-116-157-69-55-88-198-162-83-164-165-175-167-168-169-170-171-109-81-174-166-51-177-194-179-180-181-182-183-187-185-186-184-22-189-190-191-192-193-178-25-196-58-161-136,15819
1-2-3-4-5-129-7-8-125-10-11-12-13-14-15-16-17-67-19-20-21-188-23-24-92-60-9-28-29-30-31-32-33-34-35-36-37-38-39-93-41-42-43-44-45-46-47-48-49-50-176-52-53-104-159-140-64-197-59-26-70-62-63-57-65-66-18-68-111-61-96-72-73-74-75-76-77-78-79-80-173-82-91-84-85-86-87-160-54-90-163-195-119-94-95-71-151-98-99-100-172-102-103-89-105-106-107-108-101-110-158-112-40-114-115-156-147-118-113-120-121-122-149-124-27-126-127-128-6-130-123-132-133-134-135-199-137-150-139-148-141-142-143-144-145-146-117-56-131-138-97-152-153-154-155-116-157-69-55-88-198-162-83-164-165-175-167-168-169-170-171-109-81-174-166-51-177-194-179-180-181-182-183-187-185-186-184-22-189-190-191-192-193-178-25-196-58-161-136,15347
1-2-3-4-5-129-7-8-125-10-11-12-13-14-15-16-17-67-19-20-21-188-23-24-92-60-9-28-29-30-31-32-33-34-35-36-37-38-39-93-41-42-43-44-45-46-47-48-49-50-176-160-53-104-159-140-64-197-59-26-70-62-63-57-65-66-18-68-111-61-96-72-73-74-75-76-77-78-79-80-173-82-91-84-85-86-87-52-54-90-163-195-119-94-95-71-151-98-99-100-172-102-103-89-105-106-107-108-101-110-158-112-40-114-115-156-147-118-113-120-121-122-149-124-27-126-127-128-6-130-123-132-133-134-135-199-137-150-139-148-141-142-143-144-145-146-117-56-131-138-97-152-153-154-155-116-157-69-55-88-198-162-83-164-165-175-167-168-169-170-171-109-81-174-166-51-177-194-179-180-181-182-183-187-185-186-184-22-189-190-191-192-193-178-25-196-58-161-136,15347
1-2-3-4-5-129-7-8-125-10-11-12-13-14-15-16-17-67-76-20-21-188-23-24-92-60-9-28-29-30-31-32-33-34-35-36-37-38-39-93-41-42-43-44-45-46-47-48-49-50-176-160-53-104-159-140-64-197-59-26-70-62-63-57-65-66-18-68-111-61-96-72-73-74-75-19-77-78-79-80-173-82-91-84-85-86-87-52-54-90-163-195-119-94-95-71-151-98-99-100-172-102-103-89-105-106-107-108-101-110-158-112-40-114-115-156-147-118-113-120-121-122-149-124-27-126-127-128-6-130-123-132-133-134-135-199-137-150-139-148-141-142-143-144-145-146-117-56-131-138-97-152-153-154-155-116-157-69-55-88-198-162-83-164-165-175-167-168-169-170-171-109-81-174-166-51-177-194-179-180-181-182-183-187-185-186-184-22-189-190-191-192-193-178-25-196-58-161-136,21616
1-2-3-4-5-129-7-8-125-10-11-12-13-14-15-16-17-67-19-20-21-188-23-24-92-60-9-28-29-30-31-32-33-34-35-36-37-38-39-93-41-42-43-44-45-46-47-48-49-50-176-160-53-104-159-140-64-197-59-26-70-62-63-57-65-66-18-68-154-61-96-72-73-74-75-76-77-78-79-80-173-82-91-84-85-86-87-52-54-90-163-195-119-94-95-71-151-98-99-100-172-102-103-89-105-106-107-108-101-110-158-112-40-114-115-156-147-118-113-120-121-122-149-124-27-126-127-128-6-130-123-132-133-134-135-199-137-150-139-148-141-142-143-144-145-146-117-56-131-138-97-152-153-111-155-116-157-69-55-88-198-162-83-164-165-175-167-168-169-170-171-109-81-174-166-51-177-194-179-180-181-182-183-187-185-186-184-22-189-190-191-192-193-178-25-196-58-161-136,15978
1-2-3-4-5-129-7-8-125-10-11-12-13-14-15-16-17-67-19-20-21-188-23-24-92-60-9-28-29-30-31-32-33-34-35-36-37-38-39-93-41-42-43-44-45-46-47-48-49-50-176-160-53-104-161-140-64-197-59-26-70-62-63-57-65-66-18-68-111-61-96-72-73-74-75-76-77-78-79-80-173-82-91-84-85-86-87-52-54-90-163-195-119-94-95-71-151-98-99-100-172-102-103-89-105-106-107-108-101-110-158-112-40-114-115-156-147-118-113-120-121-122-149-124-27-126-127-128-6-130-123-132-133-134-135-199-137-150-139-148-141-142-143-144-145-146-117-56-131-138-97-152-153-154-155-116-157-69-55-88-198-162-83-164-165-175-167-168-169-170-171-109-81-174-166-51-177-194-179-180-181-182-183-187-185-186-184-22-189-190-191-192-193-178-25-196-58-159-136,15403
1-2-3-115-5-129-7-8-125-10-11-12-13-14-15-16-17-67-19-20-21-188-23-24-92-60-9-28-29-30-31-32-33-34-35-36-37-38-39-93-41-42-43-44-45-46-47-48-49-50-176-160-53-104-159-140-64-197-59-26-70-62-63-57-65-66-18-68-111-61-96-72-73-74-75-76-77-78-79-80-173-82-91-84-85-86-87-52-54-90-163-195-119-94-95-71-151-98-99-100-172-102-103-89-105-106-107-108-101-110-158-112-40-114-4-156-147-118-113-120-121-122-149-124-27-126-127-128-6-130-123-132-133-134-135-199-137-150-139-148-141-142-143-144-145-146-117-56-131-138-97-152-153-154-155-116-157-69-55-88-198-162-83-164-165-175-167-168-169-170-171-109-81-174-166-51-177-194-179-180-181-182-183-187-185-186-184-22-189-190-191-192-193-178-25-196-58-161-136,20784
1-2-3-4-5-129-7-8-125-10-11-12-13-14-15-16-17-67-19-20-21-188-23-24-92-60-9-28-29-30-31-32-33-34-35-36-37-38-39-93-41-42-43-44-45-46-47-48-49-50-176-160-53-104-159-140-64-197-59-26-70-62-63-57-65-66-18-68-111-61-96-72-73-74-75-76-77-78-79-80-173-82-91-84-85-86-87-52-54-90-163-195-119-94-95-71-151-98-99-100-172-102-103-89-105-106-107-108-101-110-158-112-40-114-115-156-147-118-113-120-121-122-149-124-27-126-127-128-6-130-123-132-133-134-135-199-137-150-139-148-141-142-143-144-145-146-117-56-131-138-97-152-153-154-155-116-157-69-55-88-198-162-83-164-165-175-167-168-169-170-171-109-81-189-166-51-177-194-179-180-181-182-183-187-185-186-184-22-174-190-191-192-193-178-25-196-58-161-136,15347
1-2-3-4-5-129-7-8-125-10-11-12-13-14-15-16-17-67-19-20-21-188-23-24-92-60-9-28-29-30-31-32-33-34-35-36-37-38-39-93-41-42-43-44-45-46-47-48-49-50-176-160-53-104-159-140-64-197-59-26-70-62-63-57-65-66-18-199-111-61-96-72-73-74-75-76-77-78-79-80-173-82-91-84-85-86-87-52-54-90-163-195-119-94-95-71-151-98-99-100-172-102-103-89-105-106-107-108-101-110-158-112-40-114-115-156-147-118-113-120-121-122-149-124-27-126-127-128-6-130-123-132-133-134-135-68-137-150-139-148-141-142-143-144-145-146-117-56-131-138-97-152-153-154-155-116-157-69-55-88-198-162-83-164-165-175-167-168-169-170-171-109-81-189-166-51-177-194-179-180-181-182-183-187-185-186-184-22-174-190-191-192-193-178-25-196-58-161-136,15849
1-2-3-4-5-129-7-8-125-10-11-12-13-14-15-16-17-67-19-20-21-188-23-24-92-60-9-28-29-30-31-32-33-34-35-36-37-38-39-93-41-42-43-44-45-46-47-48-49-50-176-160-53-104-159-140-64-197-59-26-70-62-63-57-65-66-102-68-111-61-96-72-73-74-75-76-77-78-79-80-173-82-91-84-85-86-87-52-54-90-163-195-119-94-95-71-151-98-99-100-172-18-103-89-105-106-107-108-101-110-158-112-40-114-115-156-147-118-113-120-121-122-149-124-27-126-127-128-6-130-123-132-133-134-135-199-137-150-139-148-141-142-143-144-145-146-117-56-131-138-97-152-153-154-155-116-157-69-55-88-198-162-83-164-165-175-167-168-169-170-171-109-81-189-166-51-177-194-179-180-181-182-183-187-185-186-184-22-174-190-191-192-193-178-25-196-58-161-136,15347
1-2-3-4-5-129-7-8-125-10-11-12-13-14-15-16-17-67-19-20-21-188-23-24-92-60-9-28-29-30-173-32-33-34-35-36-37-38-39-93-41-42-43-44-45-46-47-48-49-50-176-160-53-104-159-140-64-197-59-26-70-62-63-57-65-66-102-68-111-61-96-72-73-74-75-76-77-78-79-80-31-82-91-84-85-86-87-52-54-90-163-195-119-94-95-71-151-98-99-100-172-18-103-89-105-106-107-108-101-110-158-112-40-114-115-156-147-118-113-120-121-122-149-124-27-126-127-128-6-130-123-132-133-134-135-199-137-150-139-148-141-142-143-144-145-146-117-56-131-138-97-152-153-154-155-116-157-69-55-88-198-162-83-164-165-175-167-168-169-170-171-109-81-189-166-51-177-194-179-180-181-182-183-187-185-186-184-22-174-190-191-192-193-178-25-196-58-161-136,15347
1-2-3-4-5-129-7-8-125-10-11-12-13-14-15-16-17-67-19-20-21-188-23-24-92-60-9-28-29-30-173-32-33-34-35-36-37-38-39-93-41-42-43-44-45-46-47-48-49-50-176-160-53-104-159-140-64-197-59-26-70-62-63-57-65-66-102-68-111-61-96-72-73-74-75-76-77-78-79-80-31-82-91-84-85-86-87-52-54-90-163-195-119-94-95-71-151-98-99-100-172-18-103-89-105-106-107-108-101-110-158-112-40-114-115-156-147-118-113-120-121-122-149-124-27-126-127-128-6-130-123-132-133-134-135-199-137-150-139-148-141-142-143-144-145-146-117-56-131-138-97-152-153-184-155-116-157-69-55-88-198-162-83-164-165-175-167-168-169-170-171-109-81-189-166-51-177-194-179-180-181-182-183-187-185-186-154-22-174-190-191-192-193-178-25-196-58-161-136,15347
1-2-3-4-5-129-7-8-125-10-11-12-13-14-15-16-17-67-19-20-21-188-23-24-92-60-9-28-29-30-173-32-33-34-35-36-37-38-39-93-41-42-43-44-82-46-47-48-49-50-176-160-53-104-159-140-64-197-59-26-70-62-63-57-65-66-102-68-111-61-96-72-73-74-75-76-77-78-79-80-31-45-91-84-85-86-87-52-54-90-163-195-119-94-95-71-151-98-99-100-172-18-103-89-105-106-107-108-101-110-158-112-40-114-115-156-147-118-113-120-121-122-149-124-27-126-127-128-6-130-123-132-133-134-135-199-137-150-139-148-141-142-143-144-145-146-117-56-131-138-97-152-153-184-155-116-157-69-55-88-198-162-83-164-165-175-167-168-169-170-171-109-81-189-166-51-177-194-179-180-181-182-183-187-185-186-154-22-174-190-191-192-193-178-25-196-58-161-136,15347
1-2-3-4-5-129-7-8-125-10-11-12-13-14-15-16-17-67-19-20-21-188-23-24-92-60-9-28-29-30-173-32-33-34-35-36-37-38-39-93-41-42-43-44-82-46-47-48-49-50-176-160-53-104-159-140-64-197-59-26-70-62-63-57-65-66-102-68-111-61-96-72-73-74-75-76-77-78-79-80-31-45-91-84-85-86-87-52-54-90-163-195-119-190-95-71-151-98-99-100-172-18-103-89-105-106-107-108-101-110-158-112-40-114-115-156-147-118-113-120-121-122-149-124-27-126-127-128-6-130-123-132-133-134-135-199-137-150-139-148-141-142-143-144-145-146-117-56-131-138-97-152-153-184-155-116-157-69-55-88-198-162-83-164-165-175-167-168-169-170-171-109-81-189-166-51-177-194-179-180-181-182-183-187-185-186-154-22-174-94-191-192-193-178-25-196-58-161-136,15287
1-2-3-4-5-129-7-8-125-10-11-12-13-14-15-16-17-67-19-20-21-188-23-24-92-60-9-28-29-30-173-32-33-34-35-36-37-38-39-93-41-42-43-44-82-46-47-48-49-50-176-160-53-104-159-140-64-197-59-26-70-62-63-57-65-66-102-68-111-61-96-72-73-74-75-76-77-78-79-80-31-45-91-84-85-86-87-52-191-90-163-195-119-190-95-71-151-98-99-100-172-18-103-89-105-106-107-108-101-110-158-112-40-114-115-156-147-118-113-120-121-122-149-124-27-126-127-128-6-130-123-132-133-134-135-199-137-150-139-148-141-142-143-144-145-146-117-56-131-138-97-152-153-184-155-116-157-69-55-88-198-162-83-164-165-175-167-168-169-170-171-109-81-189-166-51-177-194-179-180-181-182-183-187-185-186-154-22-174-94-54-192-193-178-25-196-58-161-136,16180
1-2-3-4-5-129-7-8-125-10-11-12-13-14-15-16-17-67-19-20-21-188-23-24-92-60-9-28-29-30-173-32-33-34-35-36-37-38-39-93-41-42-43-44-82-46-47-48-49-50-176-160-53-104-159-140-64-197-59-26-70-62-63-57-65-66-102-68-111-61-96-72-73-74-75-76-77-78-79-80-31-45-91-84-85-86-87-52-54-90-163-195-119-190-95-71-151-98-99-100-172-18-103-89-105-106-107-122-101-110-158-112-40-114-115-156-147-118-113-120-121-108-149-124-27-126-127-128-6-130-123-132-133-134-135-199-137-150-139-148-141-142-143-144-145-146-117-56-131-138-97-152-153-184-155-116-157-69-55-88-198-162-83-164-165-175-167-168-169-170-171-109-81-189-166-51-177-194-179-180-181-182-183-187-185-186-154-22-174-94-191-192-193-178-25-196-58-161-136,15440
1-2-3-4-5-129-7-8-125-10-11-12-13-14-15-16-17-67-19-20-21-188-23-24-92-60-9-28-29-30-173-32-33-34-35-36-37-38-39-93-41-42-43-44-82-46-47-48-49-50-176-160-53-104-159-140-64-197-59-26-70-62-63-57-65-66-102-68-111-61-96-72-73-74-75-76-77-78-79-80-31-45-91-84-85-86-87-52-54-121-163-195-119-190-95-71-151-98-99-100-172-18-103-89-105-106-107-108-101-110-158-112-40-114-115-156-147-118-113-120-90-122-149-124-27-126-127-128-6-130-123-132-133-134-135-199-137-150-139-148-141-142-143-144-145-146-117-56-131-138-97-152-153-184-155-116-157-69-55-88-198-162-83-164-165-175-167-168-169-170-171-109-81-189-166-51-177-194-179-180-181-182-183-187-185-186-154-22-174-94-191-192-193-178-25-196-58-161-136,15544
1-2-3-4-5-129-7-8-125-10-11-12-13-14-15-16-17-67-19-20-21-188-23-24-92-60-9-28-29-30-173-32-33-34-35-36-37-38-39-93-41-42-43-44-82-46-47-48-49-50-176-160-53-104-159-140-64-197-59-26-70-62-63-57-65-66-102-68-111-61-96-72-73-74-75-76-77-78-79-80-31-45-91-84-85-86-87-52-54-90-163-195-119-190-95-71-151-98-99-100-172-18-103-89-105-106-107-108-101-110-158-112-40-114-115-156-147-118-113-120-121-122-149-124-27-126-127-128-6-130-123-132-133-134-135-199-137-150-139-148-141-142-143-144-145-146-117-56-131-138-97-152-153-184-155-116-157-69-55-88-94-162-83-164-165-175-167-168-169-170-171-109-81-189-166-51-177-194-179-180-181-182-183-187-185-186-154-22-174-198-191-192-193-178-25-196-58-161-136,15287
1-2-3-4-5-129-7-8-125-10-11-12-13-14-15-16-17-67-19-20-21-188-23-24-92-60-9-28-29-30-173-32-33-34-35-36-37-38-39-93-41-42-43-44-82-46-47-48-49-50-176-160-53-104-159-140-64-197-59-26-70-62-63-57-65-66-102-68-111-61-96-72-73-74-75-76-77-78-79-80-31-45-91-84-85-86-87-52-54-90-163-195-119-190-95-71-151-98-99-100-172-18-103-89-105-161-107-108-101-110-158-112-40-114-115-156-147-118-113-120-121-122-149-124-27-126-127-128-6-130-123-132-133-134-135-199-137-150-139-148-141-142-143-144-145-146-117-56-131-138-97-152-153-184-155-116-157-69-55-88-94-162-83-164-165-175-167-168-169-170-171-109-81-189-166-51-177-194-179-180-181-182-183-187-185-186-154-22-174-198-191-192-193-178-25-196-58-106-136,15287
1-2-3-4-5-129-7-8-125-10-11-12-13-14-15-16-17-67-19-20-21-188-23-24-92-60-9-28-29-30-173-32-33-34-35-36-37-38-39-93-41-42-43-44-82-46-47-48-49-50-176-160-53-104-159-140-64-197-59-26-70-62-63-57-65-66-102-68-111-61-96-72-132-74-75-76-77-78-79-80-31-45-91-84-85-86-87-52-54-90-163-195-119-190-95-71-151-98-99-100-172-18-103-89-105-161-107-108-101-110-158-112-40-114-115-156-147-118-113-120-121-122-149-124-27-126-127-128-6-130-123-73-133-134-135-199-137-150-139-148-141-142-143-144-145-146-117-56-131-138-97-152-153-184-155-116-157-69-55-88-94-162-83-164-165-175-167-168-169-170-171-109-81-189-166-51-177-194-179-180-181-182-183-187-185-186-154-22-174-198-191-192-193-178-25-196-58-106-136,15871
1-2-3-4-5-129-7-8-125-10-11-12-13-14-15-16-17-67-19-20-21-188-23-24-92-60-9-28-29-30-173-32-33-34-35-36-37-38-39-93-41-42-43-44-82-46-47-48-49-50-176-160-53-104-159-140-64-197-59-26-70-62-63-57-65-66-102-68-111-61-96-72-73-110-75-76-77-78-79-80-31-45-91-84-85-86-87-52-54-90-163-195-119-190-95-71-151-98-99-100-172-18-103-89-105-161-107-108-101-74-158-112-40-114-115-156-147-118-113-120-121-122-149-124-27-126-127-128-6-130-123-132-133-134-135-199-137-150-139-148-141-142-143-144-145-146-117-56-131-138-97-152-153-184-155-116-157-69-55-88-94-162-83-164-165-175-167-168-169-170-171-109-81-189-166-51-177-194-179-180-181-182-183-187-185-186-154-22-174-198-191-192-193-178-25-196-58-106-136,15287
1-2-3-4-5-129-7-8-125-10-11-12-13-14-15-16-17-67-19-20-21-188-23-24-92-90-9-28-29-30-173-32-33-34-35-36-37-38-39-93-41-42-43-44-82-46-47-48-49-50-176-160-53-104-159-140-64-197-59-26-70-62-63-57-65-66-102-68-111-61-96-72-73-110-75-76-77-78-79-80-31-45-91-84-85-86-87-52-54-60-163-195-119-190-95-71-151-98-99-100-172-18-103-89-105-161-107-108-101-74-158-112-40-114-115-156-147-118-113-120-121-122-149-124-27-126-127-128-6-130-123-132-133-134-135-199-137-150-139-148-141-142-143-144-145-146-117-56-131-138-97-152-153-184-155-116-157-69-55-88-94-162-83-164-165-175-167-168-169-170-171-109-81-189-166-51-177-194-179-180-181-182-183-187-185-186-154-22-174-198-191-192-193-178-25-196-58-106-136,15287
1-2-3-4-5-129-7-8-125-10-11-12-13-14-15-16-17-67-19-20-21-188-23-24-92-90-9-28-29-30-173-32-33-34-35-36-37-38-39-93-41-42-43-44-82-46-47-48-49-50-176-160-53-104-159-140-64-197-59-26-70-62-63-57-65-66-102-68-111-61-96-72-73-110-75-76-77-78-79-80-31-45-91-127-85-86-87-52-54-60-163-195-119-190-95-71-151-98-99-100-172-18-103-89-105-161-107-108-101-74-158-112-40-114-115-156-147-118-113-120-121-122-149-124-27-126-84-128-6-130-123-132-133-134-135-199-137-150-139-148-141-142-143-144-145-146-117-56-131-138-97-152-153-184-155-116-157-69-55-88-94-162-83-164-165-175-167-168-169-170-171-109-81-189-166-51-177-194-179-180-181-182-183-187-185-186-154-22-174-198-191-192-193-178-25-196-58-106-136,15397
1-2-3-4-5-129-7-8-125-10-11-12-13-14-15-16-17-67-19-20-21-188-23-24-92-90-9-28-29-30-173-32-33-34-35-36-37-38-39-93-41-42-43-44-82-46-47-48-49-50-176-160-53-104-159-140-64-197-59-26-70-62-63-57-65-66-102-68-111-61-96-72-73-110-75-76-77-78-79-80-31-45-91-84-85-86-87-55-54-60-163-195-119-190-95-71-151-98-99-100-172-18-103-89-105-161-107-108-101-74-158-112-40-114-115-156-147-118-113-120-121-122-149-124-27-126-127-128-6-130-123-132-133-134-135-199-137-150-139-148-141-142-143-144-145-146-117-56-131-138-97-152-153-184-155-116-157-69-52-88-94-162-83-164-165-175-167-168-169-170-171-109-81-189-166-51-177-194-179-180-181-182-183-187-185-186-154-22-174-198-191-192-193-178-25-196-58-106-136,15354
1-2-3-4-5-129-7-8-125-10-11-12-13-14-15-16-17-67-19-20-21-188-23-24-92-90-9-28-29-30-173-32-33-34-35-36-37-38-39-93-41-42-43-44-82-130-47-48-49-50-176-160-53-104-159-140-64-197-59-26-70-62-63-57-65-66-102-68-111-61-96-72-73-110-75-76-77-78-79-80-31-45-91-84-85-86-87-52-54-60-163-195-119-190-95-71-151-98-99-100-172-18-103-89-105-161-107-108-101-74-158-112-40-114-115-156-147-118-113-120-121-122-149-124-27-126-127-128-6-46-123-132-133-134-135-199-137-150-139-148-141-142-143-144-145-146-117-56-131-138-97-152-153-184-155-116-157-69-55-88-94-162-83-164-165-175-167-168-169-170-171-109-81-189-166-51-177-194-179-180-181-182-183-187-185-186-154-22-174-198-191-192-193-178-25-196-58-106-136,15371
1-2-3-4-5-129-7-8-125-10-11-12-13-14-15-16-17-67-19-44-21-188-23-24-92-90-9-28-29-30-173-32-33-34-35-36-37-38-39-93-41-42-43-20-82-46-47-48-49-50-176-160-53-104-159-140-64-197-59-26-70-62-63-57-65-66-102-68-111-61-96-72-73-110-75-76-77-78-79-80-31-45-91-84-85-86-87-52-54-60-163-195-119-190-95-71-151-98-99-100-172-18-103-89-105-161-107-108-101-74-158-112-40-114-115-156-147-118-113-120-121-122-149-124-27-126-127-128-6-130-123-132-133-134-135-199-137-150-139-148-141-142-143-144-145-146-117-56-131-138-97-152-153-184-155-116-157-69-55-88-94-162-83-164-165-175-167-168-169-170-171-109-81-189-166-51-177-194-179-180-181-182-183-187-185-186-154-22-174-198-191-192-193-178-25-196-58-106-136,16030
1-2-3-4-5-129-7-8-125-10-11-12-13-14-15-16-17-67-19-20-21-188-23-24-92-90-9-28-29-30-173-32-33-34-35-36-37-38-39-93-41-42-43-44-82-46-47-48-49-50-176-160-53-104-159-140-64-197-59-26-70-62-63-57-65-66-102-68-111-61-96-72-73-110-75-76-77-78-79-80-31-45-91-84-85-86-87-52-54-60-163-195-165-190-95-71-151-98-99-100-172-18-103-89-105-161-107-108-101-74-158-112-40-114-115-156-147-118-113-120-121-122-149-124-27-126-127-128-6-130-123-132-133-134-135-199-137-150-139-148-141-142-143-144-145-146-117-56-131-138-97-152-153-184-155-116-157-69-55-88-94-162-83-164-119-175-167-168-169-170-171-109-81-189-166-51-177-194-179-180-181-182-183-187-185-186-154-22-174-198-191-192-193-178-25-196-58-106-136,15431
1-2-3-4-5-129-7-8-125-10-11-12-13-14-15-16-17-67-19-20-21-188-23-24-92-90-9-28-29-30-173-32-33-34-35-36-37-152-39-93-41-42-43-44-82-46-47-48-49-50-176-160-53-104-159-140-64-197-59-26-70-62-63-57-65-66-102-68-111-61-96-72-73-110-75-76-77-78-79-80-31-45-91-84-85-86-87-52-54-60-163-195-119-190-95-71-151-98-99-100-172-18-103-89-105-161-107-108-101-74-158-112-40-114-115-156-147-118-113-120-121-122-149-124-27-126-127-128-6-130-123-132-133-134-135-199-137-150-139-148-141-142-143-144-145-146-117-56-131-138-97-38-153-184-155-116-157-69-55-88-94-162-83-164-165-175-167-168-169-170-171-109-81-189-166-51-177-194-179-180-181-182-183-187-185-186-154-22-174-198-191-192-193-178-25-196-58-106-136,15508
1-2-3-4-5-129-7-8-125-10-11-12-13-14-15-16-17-67-19-20-21-188-23-24-92-90-9-28-29-30-173-32-33-34-35-36-37-38-39-93-41-42-43-44-82-46-47-48-49-50-176-160-53-104-159-140-64-197-59-26-70-62-63-57-65-66-102-68-111-61-96-72-73-110-75-76-77-78-79-80-31-45-91-84-85-86-87-52-54-60-163-195-119-190-168-71-151-98-99-100-172-18-103-89-105-161-107-108-101-74-158-112-40-114-115-156-147-118-113-120-121-122-149-124-27-126-127-128-6-130-123-132-133-134-135-199-137-150-139-148-141-142-143-144-145-146-117-56-131-138-97-152-153-184-155-116-157-69-55-88-94-162-83-164-165-175-167-95-169-170-171-109-81-189-166-51-177-194-179-180-181-182-183-187-185-186-154-22-174-198-191-192-193-178-25-196-58-106-136,15479
1-2-3-4-5-129-7-8-125-10-11-12-13-14-15-16-17-67-19-20-21-188-23-24-92-90-9-28-29-30-173-32-33-34-35-36-37-38-39-93-41-42-43-44-82-46-47-48-49-50-176-160-53-104-159-140-64-197-59-26-70-62-63-57-65-66-102-68-111-61-96-72-73-110-75-76-77-78-79-80-31-45-121-84-85-86-87-52-54-60-163-195-119-190-95-71-151-98-99-100-172-18-103-89-105-161-107-108-101-74-158-112-40-114-115-156-147-118-113-120-91-122-149-124-27-126-127-128-6-130-123-132-133-134-135-199-137-150-139-148-141-142-143-144-145-146-117-56-131-138-97-152-153-184-155-116-157-69-55-88-94-162-83-164-165-175-167-168-169-170-171-109-81-189-166-51-177-194-179-180-181-182-183-187-185-186-154-22-174-198-191-192-193-178-25-196-58-106-136,15595
1-2-3-4-5-129-7-8-125-10-11-12-13-14-15-16-17-67-19-20-21-188-23-24-92-90-9-28-29-30-173-32-33-34-35-36-37-38-39-93-41-42-43-44-82-46-47-48-49-50-176-160-53-104-159-140-64-197-59-26-70-62-63-57-65-66-102-68-189-61-96-72-73-110-75-76-77-78-79-80-31-45-91-84-85-86-87-52-54-60-163-195-119-190-95-71-151-98-99-100-172-18-103-89-105-161-107-108-101-74-158-112-40-114-115-156-147-118-113-120-121-122-149-124-27-126-127-128-6-130-123-132-133-134-135-199-137-150-139-148-141-142-143-144-145-146-117-56-131-138-97-152-153-184-155-116-157-69-55-88-94-162-83-164-165-175-167-168-169-170-171-109-81-111-166-51-177-194-179-180-181-182-183-187-185-186-154-22-174-198-191-192-193-178-25-196-58-106-136,15520
1-2-3-4-5-129-7-8-125-10-11-12-13-14-15-16-17-67-19-20-21-188-23-24-149-90-9-28-29-30-173-32-33-34-35-36-37-38-39-93-41-42-43-44-82-46-47-48-49-50-176-160-53-104-159-140-64-197-59-26-70-62-63-57-65-66-102-68-111-61-96-72-73-110-75-76-77-78-79-80-31-45-91-84-85-86-87-52-54-60-163-195-119-190-95-71-151-98-99-100-172-18-103-89-105-161-107-108-101-74-158-112-40-114-115-156-147-118-113-120-121-122-92-124-27-126-127-128-6-130-123-132-133-134-135-199-137-150-139-148-141-142-143-144-145-146-117-56-131-138-97-152-153-184-155-116-157-69-55-88-94-162-83-164-165-175-167-168-169-170-171-109-81-189-166-51-177-194-179-180-181-182-183-187-185-186-154-22-174-198-191-192-193-178-25-196-58-106-136,16353
178-2-3-4-5-129-7-8-125-10-11-12-13-14-15-16-17-67-19-20-21-188-23-24-92-90-9-28-29-30-173-32-33-34-35-36-37-38-39-93-41-42-43-44-82-46-47-48-49-50-176-160-53-104-159-140-64-197-59-26-70-62-63-57-65-66-102-68-111-61-96-72-73-110-75-76-77-78-79-80-31-45-91-84-85-86-87-52-54-60-163-195-119-190-95-71-151-98-99-100-172-18-103-89-105-161-107-108-101-74-158-112-40-114-115-156-147-118-113-120-121-122-149-124-27-126-127-128-6-130-123-132-133-134-135-199-137-150-139-148-141-142-143-144-145-146-117-56-131-138-97-152-153-184-155-116-157-69-55-88-94-162-83-164-165-175-167-168-169-170-171-109-81-189-166-51-177-194-179-180-181-182-183-187-185-186-154-22-174-198-191-192-193-1-25-196-58-106-136,19143
1-2-3-4-5-129-7-8-125-10-11-12-13-14-15-16-17-67-19-20-21-188-23-24-92-90-9-28-29-30-173-32-33-34-35-36-37-38-39-93-41-42-43-44-82-46-47-48-49-50-176-160-53-104-159-140-64-197-59-26-70-62-63-57-65-66-102-68-111-61-96-72-73-110-75-76-77-78-79-80-31-45-91-84-85-86-87-52-54-60-163-195-119-190-95-71-151-98-99-100-172-18-103-89-105-161-107-108-101-74-158-112-40-114-115-156-147-118-113-120-121-122-149-124-27-126-127-128-6-130-123-132-133-134-135-199-83-150-139-148-141-142-143-144-145-146-117-56-131-138-97-152-153-184-155-116-157-69-55-88-94-162-137-164-165-175-167-168-169-170-171-109-81-189-166-51-177-194-179-180-181-182-183-187-185-186-154-22-174-198-191-192-193-178-25-196-58-106-136,15269
1-2-3-4-5-129-7-8-125-10-11-12-13-14-15-72-17-67-19-20-21-188-23-24-92-90-9-28-29-30-173-32-33-34-35-36-37-38-39-93-41-42-43-44-82-46-47-48-49-50-176-160-53-104-159-140-64-197-59-26-70-62-63-57-65-66-102-68-111-61-96-16-73-110-75-76-77-78-79-80-31-45-91-84-85-86-87-52-54-60-163-195-119-190-95-71-151-98-99-100-172-18-103-89-105-161-107-108-101-74-158-112-40-114-115-156-147-118-113-120-121-122-149-124-27-126-127-128-6-130-123-132-133-134-135-199-83-150-139-148-141-142-143-144-145-146-117-56-131-138-97-152-153-184-155-116-157-69-55-88-94-162-137-164-165-175-167-168-169-170-171-109-81-189-166-51-177-194-179-180-181-182-183-187-185-186-154-22-174-198-191-192-193-178-25-196-58-106-136,21632
1-2-3-4-5-129-7-8-125-10-11-12-13-14-15-16-17-67-19-20-21-188-23-24-92-90-9-28-29-30-173-32-33-34-35-36-37-38-39-93-41-42-43-44-82-46-47-48-49-50-176-160-53-104-159-140-64-197-59-26-70-62-141-57-65-66-102-68-111-61-96-72-73-110-75-76-77-78-79-80-31-45-91-84-85-86-87-52-54-60-163-195-119-190-95-71-151-98-99-100-172-18-103-89-105-161-107-108-101-74-158-112-40-114-115-156-147-118-113-120-121-122-149-124-27-126-127-128-6-130-123-132-133-134-135-199-83-150-139-148-63-142-143-144-145-146-117-56-131-138-97-152-153-184-155-116-157-69-55-88-94-162-137-164-165-175-167-168-169-170-171-109-81-189-166-51-177-194-179-180-181-182-183-187-185-186-154-22-174-198-191-192-193-178-25-196-58-106-136,16084
1-2-3-4-5-80-7-8-125-10-11-12-13-14-15-16-17-67-19-20-21-188-23-24-92-90-9-28-29-30-173-32-33-34-35-36-37-38-39-93-41-42-43-44-82-46-47-48-49-50-176-160-53-104-159-140-64-197-59-26-70-62-63-57-65-66-102-68-111-61-96-72-73-110-75-76-77-78-79-129-31-45-91-84-85-86-87-52-54-60-163-195-119-190-95-71-151-98-99-100-172-18-103-89-105-161-107-108-101-74-158-112-40-114-115-156-147-118-113-120-121-122-149-124-27-126-127-128-6-130-123-132-133-134-135-199-83-150-139-148-141-142-143-144-145-146-117-56-131-138-97-152-153-184-155-116-157-69-55-88-94-162-137-164-165-175-167-168-169-170-171-109-81-189-166-51-177-194-179-180-181-182-183-187-185-186-154-22-174-198-191-192-193-178-25-196-58-106-136,15269
1-2-3-4-5-80-7-8-125-10-11-12-13-14-15-16-17-67-19-20-21-188-23-24-92-90-9-28-29-30-173-32-33-34-35-36-37-38-39-93-41-42-43-44-82-46-47-48-49-50-176-160-53-104-159-140-64-197-59-26-70-62-63-57-65-66-102-68-111-61-96-72-73-110-75-76-77-78-79-129-31-45-91-84-85-86-87-52-54-60-163-195-119-190-95-71-151-98-99-100-172-18-103-89-105-161-107-108-101-74-158-112-40-114-115-156-147-118-113-120-121-122-149-124-117-126-127-128-6-130-123-132-133-134-135-199-83-150-139-148-141-142-143-144-145-146-27-56-131-138-97-152-153-184-155-116-157-69-55-88-94-162-137-164-165-175-167-168-169-170-171-109-81-189-166-51-177-194-179-180-181-182-183-187-185-186-154-22-174-198-191-192-193-178-25-196-58-106-136,15284
1-2-3-4-5-80-7-8-125-10-11-12-13-14-15-16-17-67-19-20-21-188-23-24-92-90-9-28-29-30-173-32-33-34-35-36-37-38-39-93-41-42-43-44-82-46-47-94-49-50-176-160-53-104-159-140-64-197-59-26-70-62-63-57-65-66-102-68-111-61-96-72-73-110-75-76-77-78-79-129-31-45-91-84-85-86-87-52-54-60-163-195-119-190-95-71-151-98-99-100-172-18-103-89-105-161-107-108-101-74-158-112-40-114-115-156-147-118-113-120-121-122-149-124-117-126-127-128-6-130-123-132-133-134-135-199-83-150-139-148-141-142-143-144-145-146-27-56-131-138-97-152-153-184-155-116-157-69-55-88-48-162-137-164-165-175-167-168-169-170-171-109-81-189-166-51-177-194-179-180-181-182-183-187-185-186-154-22-174-198-191-192-193-178-25-196-58-106-136,15252
1-2-3-4-5-80-7-8-125-10-11-12-13-14-15-16-17-67-19-20-21-188-23-24-92-90-9-28-29-30-173-32-33-34-35-36-37-38-39-93-41-42-43-44-82-46-47-94-49-50-176-160-53-104-159-140-64-197-59-26-70-62-63-57-65-66-102-68-111-61-96-72-73-110-75-76-77-78-79-129-31-45-91-84-85-86-87-52-54-60-163-195-119-190-95-71-151-98-99-100-172-18-103-89-105-161-107-108-194-74-158-112-40-114-115-156-147-118-113-120-121-122-149-124-117-126-127-128-6-130-123-132-133-134-135-199-83-150-139-148-141-142-143-144-145-146-27-56-131-138-97-152-153-184-155-116-157-69-55-88-48-162-137-164-165-175-167-168-169-170-171-109-81-189-166-51-177-101-179-180-181-182-183-187-185-186-154-22-174-198-191-192-193-178-25-196-58-106-136,15463
1-2-3-4-5-80-7-8-125-10-11-12-13-14-15-16-17-67-19-20-21-188-23-24-92-90-9-28-29-30-173-32-33-34-35-36-37-38-39-93-41-42-43-44-82-46-47-94-49-50-176-160-53-104-159-140-64-197-59-26-70-62-63-57-190-66-102-68-111-61-96-72-73-110-75-76-77-78-79-129-31-45-91-84-85-86-87-52-54-60-163-195-119-65-95-71-151-98-99-100-172-18-103-89-105-161-107-108-101-74-158-112-40-114-115-156-147-118-113-120-121-122-149-124-117-126-127-128-6-130-123-132-133-134-135-199-83-150-139-148-141-142-143-144-145-146-27-56-131-138-97-152-153-184-155-116-157-69-55-88-48-162-137-164-165-175-167-168-169-170-171-109-81-189-166-51-177-194-179-180-181-182-183-187-185-186-154-22-174-198-191-192-193-178-25-196-58-106-136,15252
1-2-3-4-5-80-7-8-125-10-11-12-13-14-15-16-17-67-19-20-21-188-23-24-92-90-9-28-29-30-173-32-33-34-35-36-37-38-39-93-41-42-43-44-82-46-47-94-49-50-176-160-53-104-159-140-64-197-59-26-70-62-63-57-190-66-102-68-111-61-96-72-73-110-75-76-77-78-79-129-31-45-91-84-85-86-87-52-54-60-163-195-119-65-95-71-151-98-99-100-172-18-103-89-105-161-107-108-101-74-158-112-40-114-115-156-147-118-113-120-121-122-149-124-117-126-127-128-6-130-123-132-133-134-135-199-83-150-139-148-141-142-143-144-145-146-27-56-131-138-97-152-153-184-155-116-157-69-55-88-48-162-137-164-165-175-167-168-169-170-171-109-81-189-166-51-177-194-192-180-181-182-183-187-185-186-154-22-174-198-191-179-193-178-25-196-58-106-136,15252
1-2-3-4-5-80-7-8-125-10-11-12-13-14-15-16-17-67-19-20-21-188-23-24-92-90-9-28-29-30-173-32-33-34-35-36-37-38-39-93-41-42-43-44-82-46-47-94-49-50-176-160-53-104-159-140-64-197-59-26-70-62-63-57-190-66-102-68-111-61-96-72-73-110-75-76-77-78-79-129-31-45-91-84-85-86-87-52-54-60-163-195-119-65-95-142-151-98-99-100-172-18-103-89-105-161-107-108-101-74-158-112-40-114-115-156-147-118-113-120-121-122-149-124-117-126-127-128-6-130-123-132-133-134-135-199-83-150-139-148-141-71-143-144-145-146-27-56-131-138-97-152-153-184-155-116-157-69-55-88-48-162-137-164-165-175-167-168-169-170-171-109-81-189-166-51-177-194-192-180-181-182-183-187-185-186-154-22-174-198-191-179-193-178-25-196-58-106-136,17013
1-2-3-4-5-80-7-8-125-10-11-12-13-14-15-16-17-67-19-20-21-188-23-24-92-90-9-28-29-30-173-32-33-34-35-36-37-38-39-93-41-42-43-44-82-46-47-94-49-50-176-160-53-104-159-140-64-197-59-26-70-62-63-57-190-66-102-68-111-61-96-72-73-110-75-76-77-78-79-129-31-45-91-84-85-86-87-52-54-60-163-195-119-65-95-71-151-98-99-100-172-18-103-89-105-161-107-108-101-74-158-112-40-114-115-156-147-118-113-120-121-122-149-124-117-126-127-128-6-130-123-132-133-134-135-199-83-150-139-148-141-142-143-144-145-146-27-56-131-138-97-152-153-184-155-116-157-69-55-88-48-162-137-164-165-175-167-168-169-170-171-109-81-189-166-51-177-194-192-180-181-182-193-187-185-186-154-22-174-198-191-179-183-178-25-196-58-106-136,15252
1-2-3-4-5-80-7-8-125-10-11-12-13-14-15-16-17-67-19-20-21-188-23-24-92-90-9-28-29-30-173-32-33-34-35-36-37-38-39-93-41-42-43-44-82-46-47-94-49-50-176-160-53-104-159-140-64-197-59-26-70-62-63-57-190-66-102-68-111-61-96-72-73-110-75-76-77-78-79-129-31-45-91-84-85-86-87-52-54-60-163-195-119-65-95-71-151-98-99-100-172-18-103-89-105-161-107-108-101-74-158-112-40-114-115-156-147-118-113-120-121-122-149-124-117-126-127-128-6-130-123-132-133-134-135-199-169-150-139-148-141-142-143-144-145-146-27-56-131-138-97-152-153-184-155-116-157-69-55-88-48-162-137-164-165-175-167-168-83-170-171-109-81-189-166-51-177-194-192-180-181-182-193-187-185-186-154-22-174-198-191-179-183-178-25-196-58-106-136,15252
1-2-3-4-5-80-7-8-125-10-11-12-13-14-15-16-17-67-19-20-21-188-23-24-92-90-9-28-29-192-173-32-33-34-35-36-37-38-39-93-41-42-43-44-82-46-47-94-49-50-176-160-53-104-159-140-64-197-59-26-70-62-63-57-190-66-102-68-111-61-96-72-73-110-75-76-77-78-79-129-31-45-91-84-85-86-87-52-54-60-163-195-119-65-95-71-151-98-99-100-172-18-103-89-105-161-107-108-101-74-158-112-40-114-115-156-147-118-113-120-121-122-149-124-117-126-127-128-6-130-123-132-133-134-135-199-169-150-139-148-141-142-143-144-145-146-27-56-131-138-97-152-153-184-155-116-157-69-55-88-48-162-137-164-165-175-167-168-83-170-171-109-81-189-166-51-177-194-30-180-181-182-193-187-185-186-154-22-174-198-191-179-183-178-25-196-58-106-136,15658
1-2-3-4-5-80-7-8-125-10-11-12-13-14-103-16-17-67-19-20-21-188-23-24-92-90-9-28-29-30-173-32-33-34-35-36-37-38-39-93-41-42-43-44-82-46-47-94-49-50-176-160-53-104-159-140-64-197-59-26-70-62-63-57-190-66-102-68-111-61-96-72-73-110-75-76-77-78-79-129-31-45-91-84-85-86-87-52-54-60-163-195-119-65-95-71-151-98-99-100-172-18-15-89-105-161-107-108-101-74-158-112-40-114-115-156-147-118-113-120-121-122-149-124-117-126-127-128-6-130-123-132-133-134-135-199-169-150-139-148-141-142-143-144-145-146-27-56-131-138-97-152-153-184-155-116-157-69-55-88-48-162-137-164-165-175-167-168-83-170-171-109-81-189-166-51-177-194-192-180-181-182-193-187-185-186-154-22-174-198-191-179-183-178-25-196-58-106-136,19816
1-2-3-4-5-80-7-8-125-10-11-12-13-14-15-16-17-67-19-20-21-188-23-24-92-90-9-28-29-30-173-32-33-34-35-36-37-38-39-93-41-42-43-44-82-46-47-94-49-50-176-160-53-104-159-140-64-197-59-26-70-62-63-57-190-66-102-68-111-61-96-72-73-110-77-76-75-78-79-129-31-45-91-84-85-86-87-52-54-60-163-195-119-65-95-71-151-98-99-100-172-18-103-89-105-161-107-108-101-74-158-112-40-114-115-156-147-118-113-120-121-122-149-124-117-126-127-128-6-130-123-132-133-134-135-199-169-150-139-148-141-142-143-144-145-146-27-56-131-138-97-152-153-184-155-116-157-69-55-88-48-162-137-164-165-175-167-168-83-170-171-109-81-189-166-51-177-194-192-180-181-182-193-187-185-186-154-22-174-198-191-179-183-178-25-196-58-106-136,15252
1-2-3-4-5-80-7-8-125-10-11-12-13-14-15-16-17-67-19-20-21-188-23-24-92-90-9-28-29-30-173-32-33-34-35-36-37-38-39-93-41-42-43-44-82-46-47-94-49-50-176-160-53-104-159-140-64-197-59-26-70-62-63-57-190-66-102-68-111-61-96-72-73-110-77-76-75-172-79-129-31-45-91-84-85-86-87-52-54-60-163-195-119-65-95-71-151-98-99-100-78-18-103-89-105-161-107-108-101-74-158-112-40-114-115-156-147-118-113-120-121-122-149-124-117-126-127-128-6-130-123-132-133-134-135-199-169-150-139-148-141-142-143-144-145-146-27-56-131-138-97-152-153-184-155-116-157-69-55-88-48-162-137-164-165-175-167-168-83-170-171-109-81-189-166-51-177-194-192-180-181-182-193-187-185-186-154-22-174-198-191-179-183-178-25-196-58-106-136,15252
1-2-3-4-5-56-7-8-125-10-11-12-13-14-15-16-17-67-19-20-21-188-23-24-92-90-9-28-29-30-173-32-33-34-35-36-37-38-39-93-41-42-43-44-82-46-47-94-49-50-176-160-53-104-159-140-64-197-59-26-70-62-63-57-190-66-102-68-111-61-96-72-73-110-77-76-75-172-79-129-31-45-91-84-85-86-87-52-54-60-163-195-119-65-95-71-151-98-99-100-78-18-103-89-105-161-107-108-101-74-158-112-40-114-115-156-147-118-113-120-121-122-149-124-117-126-127-128-6-130-123-132-133-134-135-199-169-150-139-148-141-142-143-144-145-146-27-80-131-138-97-152-153-184-155-116-157-69-55-88-48-162-137-164-165-175-167-168-83-170-171-109-81-189-166-51-177-194-192-180-181-182-193-187-185-186-154-22-174-198-191-179-183-178-25-196-58-106-136,15315
1-2-3-4-5-80-7-8-125-10-11-12-13-14-15-16-17-67-19-20-21-188-23-24-92-90-9-28-29-30-173-32-33-34-35-36-37-38-39-93-41-42-43-44-82-46-47-94-49-50-176-160-53-104-159-140-64-197-59-26-70-62-63-57-190-66-102-68-111-61-96-72-73-110-77-76-75-172-79-129-31-45-91-84-85-86-87-52-54-60-163-195-119-65-95-71-151-98-99-100-78-18-103-145-105-161-107-108-101-74-158-112-40-114-115-156-147-118-113-120-121-122-149-124-117-126-127-128-6-130-123-132-133-134-135-199-169-150-139-148-141-142-143-144-89-146-27-56-131-138-97-152-153-184-155-116-157-69-55-88-48-162-137-164-165-175-167-168-83-170-171-109-81-189-166-51-177-194-192-180-181-182-193-187-185-186-154-22-174-198-191-179-183-178-25-196-58-106-136,15252
1-2-3-4-5-80-7-8-125-10-11-12-13-14-15-16-17-67-19-20-21-188-23-24-92-90-9-28-29-30-173-32-33-34-35-36-37-38-39-93-41-42-43-44-82-46-47-94-49-50-176-160-53-104-159-140-64-197-59-26-70-62-63-57-190-66-102-68-111-61-96-72-73-110-77-76-75-172-79-129-31-45-91-84-85-86-87-52-54-60-163-195-119-65-95-71-151-98-99-100-78-18-103-145-105-161-107-108-101-74-158-112-40-114-115-156-147-118-113-120-121-122-6-124-117-126-127-128-149-130-123-132-133-134-135-199-169-150-139-148-141-142-143-144-89-146-27-56-131-138-97-152-153-184-155-116-157-69-55-88-48-162-137-164-165-175-167-168-83-170-171-109-81-189-166-51-177-194-192-180-181-182-193-187-185-186-154-22-174-198-191-179-183-178-25-196-58-106-136,15252
1-2-3-4-5-80-7-8-125-10-11-12-13-14-15-16-17-67-19-20-21-188-23-24-92-90-9-28-29-30-173-32-33-34-35-36-37-38-39-93-41-42-43-44-82-46-47-94-49-50-176-160-53-104-159-140-64-197-59-26-70-62-63-57-190-66-102-68-111-61-96-72-73-110-77-76-75-172-79-129-31-45-91-84-85-86-87-52-54-60-163-195-119-65-95-71-151-98-99-100-78-18-103-145-105-161-107-108-101-149-158-112-40-114-115-156-147-118-113-120-121-122-6-124-117-126-127-128-74-130-123-132-133-134-135-199-169-150-139-148-141-142-143-144-89-146-27-56-131-138-97-152-153-184-155-116-157-69-55-88-48-162-137-164-165-175-167-168-83-170-171-109-81-189-166-51-177-194-192-180-181-182-193-187-185-186-154-22-174-198-191-179-183-178-25-196-58-106-136,15959
1-2-3-4-5-80-7-8-125-10-11-12-13-14-15-16-17-67-19-20-21-188-23-24-92-90-9-28-29-30-173-32-33-34-35-36-37-38-39-93-134-42-43-44-82-46-47-94-49-50-176-160-53-104-159-140-64-197-59-26-70-62-63-57-190-66-102-68-111-61-96-72-73-110-77-76-75-172-79-129-31-45-91-84-85-86-87-52-54-60-163-195-119-65-95-71-151-98-99-100-78-18-103-145-105-161-107-108-101-74-158-112-40-114-115-156-147-118-113-120-121-122-6-124-117-126-127-128-149-130-123-132-133-41-135-199-169-150-139-148-141-142-143-144-89-146-27-56-131-138-97-152-153-184-155-116-157-69-55-88-48-162-137-164-165-175-167-168-83-170-171-109-81-189-166-51-177-194-192-180-181-182-193-187-185-186-154-22-174-198-191-179-183-178-25-196-58-106-136,15462
1-2-3-4-5-80-7-8-125-10-11-12-13-14-15-16-17-67-19-20-21-188-23-24-92-90-9-28-29-30-173-32-33-34-35-36-37-38-39-93-41-42-43-44-82-46-47-94-49-50-176-160-53-104-159-140-64-197-59-26-70-62-63-57-190-66-102-68-111-61-96-72-73-110-77-76-75-172-79-129-31-45-91-84-85-86-87-52-54-60-163-195-119-65-95-71-151-98-99-100-78-18-103-145-105-161-107-108-101-74-158-112-40-114-115-156-147-118-113-120-121-122-6-171-117-126-127-128-149-130-123-132-133-134-135-199-169-150-139-148-141-142-143-144-89-146-27-56-131-138-97-152-153-184-155-116-157-69-55-88-48-162-137-164-165-175-167-168-83-170-124-109-81-189-166-51-177-194-192-180-181-182-193-187-185-186-154-22-174-198-191-179-183-178-25-196-58-106-136,15293
1-2-3-4-5-80-7-8-125-10-11-12-13-14-15-16-17-67-19-20-21-188-23-24-92-90-9-28-29-30-173-32-33-34-35-36-37-38-39-93-41-42-43-44-82-46-47-94-49-50-176-160-53-104-159-140-64-197-59-26-70-62-63-57-190-66-102-68-111-61-96-72-73-110-77-76-75-172-79-129-31-45-91-84-85-86-87-52-54-60-163-195-119-65-95-71-151-98-99-100-78-18-103-145-105-161-107-108-101-74-158-112-40-114-182-156-147-118-113-120-121-122-6-124-117-126-127-128-149-130-123-132-133-134-135-199-169-150-139-148-141-142-143-144-89-146-27-56-131-138-97-152-153-184-155-116-157-69-55-88-48-162-137-164-165-175-167-168-83-170-171-109-81-189-166-51-177-194-192-180-181-115-193-187-185-186-154-22-174-198-191-179-183-178-25-196-58-106-136,15438
1-2-3-4-5-80-7-8-125-10-11-12-13-14-15-16-17-67-19-20-21-188-23-24-92-90-9-28-29-30-173-32-33-34-35-36-37-38-39-93-41-42-43-44-110-46-47-94-49-50-176-160-53-104-159-140-64-197-59-26-70-62-63-57-190-66-102-68-111-61-96-72-73-82-77-76-75-172-79-129-31-45-91-84-85-86-87-52-54-60-163-195-119-65-95-71-151-98-99-100-78-18-103-145-105-161-107-108-101-74-158-112-40-114-115-156-147-118-113-120-121-122-6-124-117-126-127-128-149-130-123-132-133-134-135-199-169-150-139-148-141-142-143-144-89-146-27-56-131-138-97-152-153-184-155-116-157-69-55-88-48-162-137-164-165-175-167-168-83-170-171-109-81-189-166-51-177-194-192-180-181-182-193-187-185-186-154-22-174-198-191-179-183-178-25-196-58-106-136,15252
1-2-3-4-5-80-7-8-122-10-11-12-13-14-15-16-17-67-19-20-21-188-23-24-92-90-9-28-29-30-173-32-33-34-35-36-37-38-39-93-41-42-43-44-110-46-47-94-49-50-176-160-53-104-159-140-64-197-59-26-70-62-63-57-190-66-102-68-111-61-96-72-73-82-77-76-75-172-79-129-31-45-91-84-85-86-87-52-54-60-163-195-119-65-95-71-151-98-99-100-78-18-103-145-105-161-107-108-101-74-158-112-40-114-115-156-147-118-113-120-121-125-6-124-117-126-127-128-149-130-123-132-133-134-135-199-169-150-139-148-141-142-143-144-89-146-27-56-131-138-97-152-153-184-155-116-157-69-55-88-48-162-137-164-165-175-167-168-83-170-171-109-81-189-166-51-177-194-192-180-181-182-193-187-185-186-154-22-174-198-191-179-183-178-25-196-58-106-136,15252
1-2-3-4-5-80-7-8-122-10-11-12-13-14-15-16-17-67-19-20-21-188-23-24-92-90-9-28-29-30-173-32-33-34-35-36-37-38-39-93-41-42-43-44-110-46-47-94-49-50-176-160-53-104-159-140-64-197-59-26-70-62-63-57-190-66-102-68-111-61-96-72-73-82-77-76-75-172-79-129-31-45-91-152-85-86-87-52-54-60-163-195-119-65-95-71-151-98-99-100-78-18-103-145-105-161-107-108-101-74-158-112-40-114-115-156-147-118-113-120-121-125-6-124-117-126-127-128-149-130-123-132-133-134-135-199-169-150-139-148-141-142-143-144-89-146-27-56-131-138-97-84-153-184-155-116-157-69-55-88-48-162-137-164-165-175-167-168-83-170-171-109-81-189-166-51-177-194-192-180-181-182-193-187-185-186-154-22-174-198-191-179-183-178-25-196-58-106-136,15403
1-2-3-4-5-80-7-8-122-10-11-12-13-14-15-16-17-67-19-20-21-188-23-72-92-90-9-28-29-30-173-32-33-34-35-36-37-38-39-93-41-42-43-44-110-46-47-94-49-50-176-160-53-104-159-140-64-197-59-26-70-62-63-57-190-66-102-68-111-61-96-24-73-82-77-76-75-172-79-129-31-45-91-84-85-86-87-52-54-60-163-195-119-65-95-71-151-98-99-100-78-18-103-145-105-161-107-108-101-74-158-112-40-114-115-156-147-118-113-120-121-125-6-124-117-126-127-128-149-130-123-132-133-134-135-199-169-150-139-148-141-142-143-144-89-146-27-56-131-138-97-152-153-184-155-116-157-69-55-88-48-162-137-164-165-175-167-168-83-170-171-109-81-189-166-51-177-194-192-180-181-182-193-187-185-186-154-22-174-198-191-179-183-178-25-196-58-106-136,15591
1-2-3-4-5-80-7-8-122-10-11-12-13-14-15-16-17-67-19-20-21-188-23-24-92-90-9-28-29-30-173-32-33-34-35-36-37-38-39-93-41-42-43-44-110-46-47-94-49-50-176-160-53-104-159-140-64-197-59-26-68-62-63-57-190-66-102-70-111-61-96-72-73-82-77-76-75-172-79-129-31-45-91-84-85-86-87-52-54-60-163-195-119-65-95-71-151-98-99-100-78-18-103-145-105-161-107-108-101-74-158-112-40-114-115-156-147-118-113-120-121-125-6-124-117-126-127-128-149-130-123-132-133-134-135-199-169-150-139-148-141-142-143-144-89-146-27-56-131-138-97-152-153-184-155-116-157-69-55-88-48-162-137-164-165-175-167-168-83-170-171-109-81-189-166-51-177-194-192-180-181-182-193-187-185-186-154-22-174-198-191-179-183-178-25-196-58-106-136,15252
1-2-3-4-5-80-7-8-122-10-11-12-13-14-15-16-17-67-19-20-21-188-23-24-92-90-9-28-29-30-173-32-33-34-35-36-37-38-39-93-41-42-43-44-110-46-47-94-49-50-176-160-53-104-159-140-64-197-59-26-68-62-63-57-190-66-158-70-111-61-96-72-73-82-77-76-75-172-79-129-31-45-91-84-85-86-87-52-54-60-163-195-119-65-95-71-151-98-99-100-78-18-103-145-105-161-107-108-101-74-102-112-40-114-115-156-147-118-113-120-121-125-6-124-117-126-127-128-149-130-123-132-133-134-135-199-169-150-139-148-141-142-143-144-89-146-27-56-131-138-97-152-153-184-155-116-157-69-55-88-48-162-137-164-165-175-167-168-83-170-171-109-81-189-166-51-177-194-192-180-181-182-193-187-185-186-154-22-174-198-191-179-183-178-25-196-58-106-136,15346
1-2-3-4-189-80-7-8-122-10-11-12-13-14-15-16-17-67-19-20-21-188-23-24-92-90-9-28-29-30-173-32-33-34-35-36-37-38-39-93-41-42-43-44-110-46-47-94-49-50-176-160-53-104-159-140-64-197-59-26-68-62-63-57-190-66-102-70-111-61-96-72-73-82-77-76-75-172-79-129-31-45-91-84-85-86-87-52-54-60-163-195-119-65-95-71-151-98-99-100-78-18-103-145-105-161-107-108-101-74-158-112-40-114-115-156-147-118-113-120-121-125-6-124-117-126-127-128-149-130-123-132-133-134-135-199-169-150-139-148-141-142-143-144-89-146-27-56-131-138-97-152-153-184-155-116-157-69-55-88-48-162-137-164-165-175-167-168-83-170-171-109-81-5-166-51-177-194-192-180-181-182-193-187-185-186-154-22-174-198-191-179-183-178-25-196-58-106-136,20469
1-2-3-4-5-80-7-8-122-10-11-12-13-14-15-16-17-67-19-20-21-188-23-24-92-90-9-28-29-30-173-32-33-34-35-36-37-38-39-93-41-42-43-44-110-46-47-94-49-50-176-160-53-104-159-140-64-197-59-26-68-62-63-57-190-66-102-70-111-61-96-72-73-82-77-76-75-172-79-129-31-45-91-84-85-86-87-52-54-60-163-195-119-65-95-71-151-98-99-100-78-18-103-145-105-161-107-108-101-56-158-112-40-114-115-156-147-118-113-120-121-125-6-124-117-126-127-128-149-130-123-132-133-134-135-199-169-150-139-148-141-142-143-144-89-146-27-74-131-138-97-152-153-184-155-116-157-69-55-88-48-162-137-164-165-175-167-168-83-170-171-109-81-189-166-51-177-194-192-180-181-182-193-187-185-186-154-22-174-198-191-179-183-178-25-196-58-106-136,15231
1-2-3-4-5-80-7-8-122-10-11-12-13-14-15-16-17-67-19-20-21-57-23-24-92-90-9-28-29-30-173-32-33-34-35-36-37-38-39-93-41-42-43-44-110-46-47-94-49-50-176-160-53-104-159-140-64-197-59-26-68-62-63-188-190-66-102-70-111-61-96-72-73-82-77-76-75-172-79-129-31-45-91-84-85-86-87-52-54-60-163-195-119-65-95-71-151-98-99-100-78-18-103-145-105-161-107-108-101-56-158-112-40-114-115-156-147-118-113-120-121-125-6-124-117-126-127-128-149-130-123-132-133-134-135-199-169-150-139-148-141-142-143-144-89-146-27-74-131-138-97-152-153-184-155-116-157-69-55-88-48-162-137-164-165-175-167-168-83-170-171-109-81-189-166-51-177-194-192-180-181-182-193-187-185-186-154-22-174-198-191-179-183-178-25-196-58-106-136,15231
1-2-3-4-5-80-7-8-122-10-11-12-13-14-15-16-17-67-19-20-21-57-30-24-92-90-9-28-29-23-173-32-33-34-35-36-37-38-39-93-41-42-43-44-110-46-47-94-49-50-176-160-53-104-159-140-64-197-59-26-68-62-63-188-190-66-102-70-111-61-96-72-73-82-77-76-75-172-79-129-31-45-91-84-85-86-87-52-54-60-163-195-119-65-95-71-151-98-99-100-78-18-103-145-105-161-107-108-101-56-158-112-40-114-115-156-147-118-113-120-121-125-6-124-117-126-127-128-149-130-123-132-133-134-135-199-169-150-139-148-141-142-143-144-89-146-27-74-131-138-97-152-153-184-155-116-157-69-55-88-48-162-137-164-165-175-167-168-83-170-171-109-81-189-166-51-177-194-192-180-181-182-193-187-185-186-154-22-174-198-191-179-183-178-25-196-58-106-136,15231
1-2-3-4-5-80-7-8-122-10-11-12-13-14-15-16-17-67-19-20-21-57-30-24-92-90-9-28-29-23-173-32-33-34-35-36-37-38-39-93-41-42-43-44-110-46-47-94-49-50-176-160-53-104-159-140-64-197-59-26-68-62-63-188-190-66-102-70-111-61-96-180-73-82-77-76-75-172-79-129-31-45-91-84-85-86-87-52-54-60-163-195-119-65-95-71-151-98-99-100-78-18-103-145-105-161-107-108-101-56-158-112-40-114-115-156-147-118-113-120-121-125-6-124-117-126-127-128-149-130-123-132-133-134-135-199-169-150-139-148-141-142-143-144-89-146-27-74-131-138-97-152-153-184-155-116-157-69-55-88-48-162-137-164-165-175-167-168-83-170-171-109-81-189-166-51-177-194-192-72-181-182-193-187-185-186-154-22-174-198-191-179-183-178-25-196-58-106-136,15229
1-2-3-4-5-80-7-8-122-10-11-12-13-14-15-16-17-67-19-20-21-57-30-24-92-90-9-28-29-23-173-32-33-34-35-36-37-38-39-93-41-42-43-44-110-46-47-94-49-50-176-160-53-104-159-140-64-197-59-26-68-22-63-188-190-66-102-70-111-61-96-180-73-82-77-76-75-172-79-129-31-45-91-84-85-86-87-52-54-60-163-195-119-65-95-71-151-98-99-100-78-18-103-145-105-161-107-108-101-56-158-112-40-114-115-156-147-118-113-120-121-125-6-124-117-126-127-128-149-130-123-132-133-134-135-199-169-150-139-148-141-142-143-144-89-146-27-74-131-138-97-152-153-184-155-116-157-69-55-88-48-162-137-164-165-175-167-168-83-170-171-109-81-189-166-51-177-194-192-72-181-182-193-187-185-186-154-62-174-198-191-179-183-178-25-196-58-106-136,15459
1-2-3-4-5-80-7-8-122-10-11-12-13-14-15-16-17-67-19-20-21-57-30-24-92-90-9-28-29-23-173-32-33-34-35-36-37-38-39-93-41-132-43-44-110-46-47-94-49-50-176-160-53-104-159-140-64-197-59-26-68-62-63-188-190-66-102-70-111-61-96-180-73-82-77-76-75-172-79-129-31-45-91-84-85-86-87-52-54-60-163-195-119-65-95-71-151-98-99-100-78-18-103-145-105-161-107-108-101-56-158-112-40-114-115-156-147-118-113-120-121-125-6-124-117-126-127-128-149-130-123-42-133-134-135-199-169-150-139-148-141-142-143-144-89-146-27-74-131-138-97-152-153-184-155-116-157-69-55-88-48-162-137-164-165-175-167-168-83-170-171-109-81-189-166-51-177-194-192-72-181-182-193-187-185-186-154-22-174-198-191-179-183-178-25-196-58-106-136,15676
1-2-3-4-5-80-7-8-122-10-11-12-13-14-15-16-17-67-19-20-21-57-30-24-92-90-9-28-29-23-173-32-33-34-35-36-37-38-39-93-41-42-43-44-110-46-47-94-49-50-176-160-53-104-159-140-64-197-59-26-68-62-63-188-190-66-102-70-111-61-96-180-73-82-77-76-75-172-79-129-31-45-91-84-85-86-87-52-54-60-163-195-119-65-95-71-151-98-99-100-78-179-103-145-105-161-107-108-101-56-158-112-40-114-115-156-147-118-113-120-121-125-6-124-117-126-127-128-149-130-123-132-133-134-135-199-169-150-139-148-141-142-143-144-89-146-27-74-131-138-97-152-153-184-155-116-157-69-55-88-48-162-137-164-165-175-167-168-83-170-171-109-81-189-166-51-177-194-192-72-181-182-193-187-185-186-154-22-174-198-191-18-183-178-25-196-58-106-136,15414
1-2-3-4-5-80-7-8-122-10-11-12-13-14-15-16-17-67-19-20-21-57-30-24-145-90-9-28-29-23-173-32-33-34-35-36-37-38-39-93-41-42-43-44-110-46-47-94-49-50-176-160-53-104-159-140-64-197-59-26-68-62-63-188-190-66-102-70-111-61-96-180-73-82-77-76-75-172-79-129-31-45-91-84-85-86-87-52-54-60-163-195-119-65-95-71-151-98-99-100-78-18-103-92-105-161-107-108-101-56-158-112-40-114-115-156-147-118-113-120-121-125-6-124-117-126-127-128-149-130-123-132-133-134-135-199-169-150-139-148-141-142-143-144-89-146-27-74-131-138-97-152-153-184-155-116-157-69-55-88-48-162-137-164-165-175-167-168-83-170-171-109-81-189-166-51-177-194-192-72-181-182-193-187-185-186-154-22-174-198-191-179-183-178-25-196-58-106-136,15271
1-2-3-4-5-80-7-8-122-10-11-12-13-14-15-16-17-192-19-20-21-57-30-24-92-90-9-28-29-23-173-32-33-34-35-36-37-38-39-93-41-42-43-44-110-46-47-94-49-50-176-160-53-104-159-140-64-197-59-26-68-62-63-188-190-66-102-70-111-61-96-180-73-82-77-76-75-172-79-129-31-45-91-84-85-86-87-52-54-60-163-195-119-65-95-71-151-98-99-100-78-18-103-145-105-161-107-108-101-56-158-112-40-114-115-156-147-118-113-120-121-125-6-124-117-126-127-128-149-130-123-132-133-134-135-199-169-150-139-148-141-142-143-144-89-146-27-74-131-138-97-152-153-184-155-116-157-69-55-88-48-162-137-164-165-175-167-168-83-170-171-109-81-189-166-51-177-194-67-72-181-182-193-187-185-186-154-22-174-198-191-179-183-178-25-196-58-106-136,15407
1-2-3-4-5-80-7-8-122-57-11-12-13-14-15-16-17-67-19-20-21-10-30-24-92-90-9-28-29-23-173-32-33-34-35-36-37-38-39-93-41-42-43-44-110-46-47-94-49-50-176-160-53-104-159-140-64-197-59-26-68-62-63-188-190-66-102-70-111-61-96-180-73-82-77-76-75-172-79-129-31-45-91-84-85-86-87-52-54-60-163-195-119-65-95-71-151-98-99-100-78-18-103-145-105-161-107-108-101-56-158-112-40-114-115-156-147-118-113-120-121-125-6-124-117-126-127-128-149-130-123-132-133-134-135-199-169-150-139-148-141-142-143-144-89-146-27-74-131-138-97-152-153-184-155-116-157-69-55-88-48-162-137-164-165-175-167-168-83-170-171-109-81-189-166-51-177-194-192-72-181-182-193-187-185-186-154-22-174-198-191-179-183-178-25-196-58-106-136,20259
1-2-3-4-5-80-7-8-122-10-11-12-13-14-15-16-17-67-19-20-21-57-30-24-92-90-9-28-29-23-173-32-33-34-35-36-37-38-39-93-41-42-43-44-110-46-47-94-49-50-176-160-53-104-159-140-64-197-59-26-68-62-63-188-190-66-102-70-111-61-96-180-73-82-77-76-75-172-179-129-31-45-91-84-85-86-87-52-54-60-163-195-119-65-95-71-151-98-99-100-78-18-103-145-105-161-107-108-101-56-158-112-40-114-115-156-147-118-113-120-121-125-6-124-117-126-127-128-149-130-123-132-133-134-135-199-169-150-139-148-141-142-143-144-89-146-27-74-131-138-97-152-153-184-155-116-157-69-55-88-48-162-137-164-165-175-167-168-83-170-171-109-81-189-166-51-177-194-192-72-181-182-193-187-185-186-154-22-174-198-191-79-183-178-25-196-58-106-136,15377
1-2-3-4-5-80-7-8-122-10-11-12-13-14-15-16-17-67-19-20-21-57-30-24-92-90-9-28-29-23-173-32-33-34-35-36-37-38-39-93-41-42-43-44-110-46-47-94-49-50-176-160-53-104-159-140-64-197-59-26-68-62-63-188-190-66-102-193-111-61-96-180-73-82-77-76-75-172-79-129-31-45-91-84-85-86-87-52-54-60-163-195-119-65-95-71-151-98-99-100-78-18-103-145-105-161-107-108-101-56-158-112-40-114-115-156-147-118-113-120-121-125-6-124-117-126-127-128-149-130-123-132-133-134-135-199-169-150-139-148-141-142-143-144-89-146-27-74-131-138-97-152-153-184-155-116-157-69-55-88-48-162-137-164-165-175-167-168-83-170-171-109-81-189-166-51-177-194-192-72-181-182-70-187-185-186-154-22-174-198-191-179-183-178-25-196-58-106-136,15339
1-2-3-4-5-80-7-8-122-10-11-12-13-14-15-16-17-67-19-20-21-57-30-24-92-90-9-28-29-23-173-32-33-34-35-36-37-38-39-93-41-42-43-44-110-46-47-94-49-50-176-160-53-104-159-140-64-197-59-26-68-62-63-188-190-66-102-70-111-61-96-180-73-82-77-76-75-172-79-129-31-45-91-84-85-86-87-52-54-60-163-195-119-65-95-71-133-98-99-100-78-18-103-145-105-161-107-108-101-56-158-112-40-114-115-156-147-118-113-120-121-125-6-124-117-126-127-128-149-130-123-132-151-134-135-199-169-150-139-148-141-142-143-144-89-146-27-74-131-138-97-152-153-184-155-116-157-69-55-88-48-162-137-164-165-175-167-168-83-170-171-109-81-189-166-51-177-194-192-72-181-182-193-187-185-186-154-22-174-198-191-179-183-178-25-196-58-106-136,15331
1-2-3-4-5-80-7-8-122-10-11-12-13-14-15-16-17-67-19-20-21-57-30-24-92-90-9-28-29-23-173-162-33-34-35-36-37-38-39-93-41-42-43-44-110-46-47-94-49-50-176-160-53-104-159-140-64-197-59-26-68-62-63-188-190-66-102-70-111-61-96-180-73-82-77-76-75-172-79-129-31-45-91-84-85-86-87-52-54-60-163-195-119-65-95-71-151-98-99-100-78-18-103-145-105-161-107-108-101-56-158-112-40-114-115-156-147-118-113-120-121-125-6-124-117-126-127-128-149-130-123-132-133-134-135-199-169-150-139-148-141-142-143-144-89-146-27-74-131-138-97-152-153-184-155-116-157-69-55-88-48-32-137-164-165-175-167-168-83-170-171-109-81-189-166-51-177-194-192-72-181-182-193-187-185-186-154-22-174-198-191-179-183-178-25-196-58-106-136,15355
54-2-3-4-5-80-7-8-122-10-11-12-13-14-15-16-17-67-19-20-21-57-30-24-92-90-9-28-29-23-173-32-33-34-35-36-37-38-39-93-41-42-43-44-110-46-47-94-49-50-176-160-53-104-159-140-64-197-59-26-68-62-63-188-190-66-102-70-111-61-96-180-73-82-77-76-75-172-79-129-31-45-91-84-85-86-87-52-1-60-163-195-119-65-95-71-151-98-99-100-78-18-103-145-105-161-107-108-101-56-158-112-40-114-115-156-147-118-113-120-121-125-6-124-117-126-127-128-149-130-123-132-133-134-135-199-169-150-139-148-141-142-143-144-89-146-27-74-131-138-97-152-153-184-155-116-157-69-55-88-48-162-137-164-165-175-167-168-83-170-171-109-81-189-166-51-177-194-192-72-181-182-193-187-185-186-154-22-174-198-191-179-183-178-25-196-58-106-136,18076
1-2-3-4-5-80-7-8-122-10-11-12-13-14-15-16-17-67-19-20-21-57-30-24-92-90-9-28-29-23-173-32-33-34-35-36-37-38-39-93-41-42-43-44-110-46-47-94-49-50-176-160-53-104-159-140-64-197-59-26-68-62-63-188-190-66-102-70-111-61-96-180-73-82-77-76-75-172-79-129-31-45-91-84-85-86-87-52-54-60-163-195-119-65-95-71-151-154-99-100-78-18-103-145-105-161-107-108-101-56-158-112-40-114-115-156-147-118-113-120-121-125-6-124-117-126-127-128-149-130-123-132-133-134-135-199-169-150-139-148-141-142-143-144-89-146-27-74-131-138-97-152-153-184-155-116-157-69-55-88-48-162-137-164-165-175-167-168-83-170-171-109-81-189-166-51-177-194-192-72-181-182-193-187-185-186-98-22-174-198-191-179-183-178-25-196-58-106-136,15397
1-2-3-4-5-80-7-8-122-10-11-12-13-14-15-16-17-67-19-20-21-57-30-185-92-90-9-28-29-23-173-32-33-34-35-36-37-38-39-93-41-42-43-44-110-46-47-94-49-50-176-160-53-104-159-140-64-197-59-26-68-62-63-188-190-66-102-70-111-61-96-180-73-82-77-76-75-172-79-129-31-45-91-84-85-86-87-52-54-60-163-195-119-65-95-71-151-98-99-100-78-18-103-145-105-161-107-108-101-56-158-112-40-114-115-156-147-118-113-120-121-125-6-124-117-126-127-128-149-130-123-132-133-134-135-199-169-150-139-148-141-142-143-144-89-146-27-74-131-138-97-152-153-184-155-116-157-69-55-88-48-162-137-164-165-175-167-168-83-170-171-109-81-189-166-51-177-194-192-72-181-182-193-187-24-186-154-22-174-198-191-179-183-178-25-196-58-106-136,15067
1-2-3-4-5-80-7-8-122-10-11-12-13-14-15-16-17-67-19-20-21-57-30-185-92-90-9-28-29-23-173-32-107-34-35-36-37-38-39-93-41-42-43-44-110-46-47-94-49-50-176-160-53-104-159-140-64-197-59-26-68-62-63-188-190-66-102-70-111-61-96-180-73-82-77-76-75-172-79-129-31-45-91-84-85-86-87-52-54-60-163-195-119-65-95-71-151-98-99-100-78-18-103-145-105-161-33-108-101-56-158-112-40-114-115-156-147-118-113-120-121-125-6-124-117-126-127-128-149-130-123-132-133-134-135-199-169-150-139-148-141-142-143-144-89-146-27-74-131-138-97-152-153-184-155-116-157-69-55-88-48-162-137-164-165-175-167-168-83-170-171-109-81-189-166-51-177-194-192-72-181-182-193-187-24-186-154-22-174-198-191-179-183-178-25-196-58-106-136,15083
